dataset,model_a,model_b,dimension,user_id,effective_preference,system_average_ndcg_winner,align_system_average_ndcg,user_ndcg_a,user_ndcg_b,user_ndcg_winner,align_user_ndcg,user_recall_a,user_recall_b,user_recall_winner,align_user_recall
amazon_books,gbaf,concat_mlp,balanced,3606,gbaf,gbaf,1,0.0,0.0,TIE,,0.0,0.0,TIE,
amazon_books,gbaf,concat_mlp,balanced,4473,concat_mlp,gbaf,0,0.0,0.0,TIE,,0.0,0.0,TIE,
amazon_books,gbaf,concat_mlp,balanced,11974,gbaf,gbaf,1,0.0,0.0,TIE,,0.0,0.0,TIE,
amazon_books,gbaf,concat_mlp,balanced,4611,gbaf,gbaf,1,0.3010299956639812,0.0,gbaf,1.0,1.0,0.0,gbaf,1.0
amazon_books,gbaf,concat_mlp,balanced,5044,concat_mlp,gbaf,0,0.0,0.0,TIE,,0.0,0.0,TIE,
amazon_books,gbaf,concat_mlp,balanced,11455,gbaf,gbaf,1,0.0,0.0,TIE,,0.0,0.0,TIE,
amazon_books,gbaf,concat_mlp,balanced,5158,concat_mlp,gbaf,0,0.0,0.0,TIE,,0.0,0.0,TIE,
amazon_books,gbaf,concat_mlp,balanced,1322,gbaf,gbaf,1,0.0,0.0,TIE,,0.0,0.0,TIE,
amazon_books,gbaf,concat_mlp,balanced,1866,gbaf,gbaf,1,0.0,0.0,TIE,,0.0,0.0,TIE,
amazon_books,gbaf,concat_mlp,balanced,10368,gbaf,gbaf,1,0.0,0.0,TIE,,0.0,0.0,TIE,
amazon_books,gbaf,concat_mlp,balanced,8680,gbaf,gbaf,1,0.0,0.0,TIE,,0.0,0.0,TIE,
amazon_books,gbaf,concat_mlp,balanced,3864,concat_mlp,gbaf,0,0.0,0.0,TIE,,0.0,0.0,TIE,
amazon_books,gbaf,concat_mlp,balanced,5268,gbaf,gbaf,1,0.0,0.0,TIE,,0.0,0.0,TIE,
amazon_books,gbaf,concat_mlp,balanced,1015,gbaf,gbaf,1,0.0,0.0,TIE,,0.0,0.0,TIE,
amazon_books,gbaf,concat_mlp,balanced,2794,concat_mlp,gbaf,0,0.0,0.0,TIE,,0.0,0.0,TIE,
amazon_books,gbaf,concat_mlp,balanced,5564,gbaf,gbaf,1,0.0,0.0,TIE,,0.0,0.0,TIE,
amazon_books,gbaf,concat_mlp,diversity,11134,gbaf,gbaf,1,0.0,0.0,TIE,,0.0,0.0,TIE,
amazon_books,gbaf,concat_mlp,diversity,7688,gbaf,gbaf,1,0.0,0.0,TIE,,0.0,0.0,TIE,
amazon_books,gbaf,concat_mlp,diversity,11974,gbaf,gbaf,1,0.0,0.0,TIE,,0.0,0.0,TIE,
amazon_books,gbaf,concat_mlp,diversity,4457,concat_mlp,gbaf,0,0.0,0.0,TIE,,0.0,0.0,TIE,
amazon_books,gbaf,concat_mlp,diversity,5237,concat_mlp,gbaf,0,0.0,0.0,TIE,,0.0,0.0,TIE,
amazon_books,gbaf,concat_mlp,diversity,1754,gbaf,gbaf,1,0.0,0.0,TIE,,0.0,0.0,TIE,
amazon_books,gbaf,concat_mlp,diversity,11577,gbaf,gbaf,1,0.0,0.0,TIE,,0.0,0.0,TIE,
amazon_books,gbaf,concat_mlp,diversity,900,gbaf,gbaf,1,0.0,0.0,TIE,,0.0,0.0,TIE,
amazon_books,gbaf,concat_mlp,diversity,1322,gbaf,gbaf,1,0.0,0.0,TIE,,0.0,0.0,TIE,
amazon_books,gbaf,concat_mlp,diversity,1866,gbaf,gbaf,1,0.0,0.0,TIE,,0.0,0.0,TIE,
amazon_books,gbaf,concat_mlp,diversity,10368,gbaf,gbaf,1,0.0,0.0,TIE,,0.0,0.0,TIE,
amazon_books,gbaf,concat_mlp,diversity,9111,gbaf,gbaf,1,0.0,0.0,TIE,,0.0,0.0,TIE,
amazon_books,gbaf,concat_mlp,novelty,7688,concat_mlp,gbaf,0,0.0,0.0,TIE,,0.0,0.0,TIE,
amazon_books,gbaf,concat_mlp,novelty,11974,gbaf,gbaf,1,0.0,0.0,TIE,,0.0,0.0,TIE,
amazon_books,gbaf,concat_mlp,novelty,4457,concat_mlp,gbaf,0,0.0,0.0,TIE,,0.0,0.0,TIE,
amazon_books,gbaf,concat_mlp,novelty,5237,concat_mlp,gbaf,0,0.0,0.0,TIE,,0.0,0.0,TIE,
amazon_books,gbaf,concat_mlp,novelty,1754,gbaf,gbaf,1,0.0,0.0,TIE,,0.0,0.0,TIE,
amazon_books,gbaf,concat_mlp,novelty,12090,concat_mlp,gbaf,0,0.0,0.0,TIE,,0.0,0.0,TIE,
amazon_books,gbaf,concat_mlp,novelty,5044,concat_mlp,gbaf,0,0.0,0.0,TIE,,0.0,0.0,TIE,
amazon_books,gbaf,concat_mlp,novelty,11577,gbaf,gbaf,1,0.0,0.0,TIE,,0.0,0.0,TIE,
amazon_books,gbaf,concat_mlp,novelty,9664,concat_mlp,gbaf,0,0.0,1.0,concat_mlp,1.0,0.0,1.0,concat_mlp,1.0
amazon_books,gbaf,concat_mlp,novelty,11455,concat_mlp,gbaf,0,0.0,0.0,TIE,,0.0,0.0,TIE,
amazon_books,gbaf,concat_mlp,novelty,5158,concat_mlp,gbaf,0,0.0,0.0,TIE,,0.0,0.0,TIE,
amazon_books,gbaf,concat_mlp,novelty,900,gbaf,gbaf,1,0.0,0.0,TIE,,0.0,0.0,TIE,
amazon_books,gbaf,concat_mlp,novelty,1322,gbaf,gbaf,1,0.0,0.0,TIE,,0.0,0.0,TIE,
amazon_books,gbaf,concat_mlp,novelty,1866,gbaf,gbaf,1,0.0,0.0,TIE,,0.0,0.0,TIE,
amazon_books,gbaf,concat_mlp,novelty,10368,gbaf,gbaf,1,0.0,0.0,TIE,,0.0,0.0,TIE,
amazon_books,gbaf,concat_mlp,novelty,8680,concat_mlp,gbaf,0,0.0,0.0,TIE,,0.0,0.0,TIE,
amazon_books,gbaf,concat_mlp,novelty,552,concat_mlp,gbaf,0,0.0,0.0,TIE,,0.0,0.0,TIE,
amazon_books,gbaf,concat_mlp,novelty,10324,gbaf,gbaf,1,0.0,0.0,TIE,,0.0,0.0,TIE,
amazon_books,gbaf,concat_mlp,novelty,6638,concat_mlp,gbaf,0,0.0,0.0,TIE,,0.0,0.0,TIE,
amazon_books,gbaf,concat_mlp,novelty,1804,gbaf,gbaf,1,0.0,0.0,TIE,,0.0,0.0,TIE,
amazon_books,gbaf,concat_mlp,novelty,8679,gbaf,gbaf,1,0.0,0.0,TIE,,0.0,0.0,TIE,
amazon_books,gbaf,concat_mlp,novelty,2553,concat_mlp,gbaf,0,0.0,0.0,TIE,,0.0,0.0,TIE,
amazon_books,gbaf,concat_mlp,novelty,12068,concat_mlp,gbaf,0,0.0,0.0,TIE,,0.0,0.0,TIE,
amazon_books,gbaf,concat_mlp,relevance,4270,concat_mlp,gbaf,0,0.0,0.0,TIE,,0.0,0.0,TIE,
amazon_books,gbaf,concat_mlp,relevance,1937,gbaf,gbaf,1,0.0,0.0,TIE,,0.0,0.0,TIE,
amazon_books,gbaf,concat_mlp,relevance,11974,gbaf,gbaf,1,0.0,0.0,TIE,,0.0,0.0,TIE,
amazon_books,gbaf,concat_mlp,relevance,10134,gbaf,gbaf,1,0.0,0.0,TIE,,0.0,0.0,TIE,
amazon_books,gbaf,concat_mlp,relevance,1754,concat_mlp,gbaf,0,0.0,0.0,TIE,,0.0,0.0,TIE,
amazon_books,gbaf,concat_mlp,relevance,4611,gbaf,gbaf,1,0.3010299956639812,0.0,gbaf,1.0,1.0,0.0,gbaf,1.0
amazon_books,gbaf,concat_mlp,relevance,12090,gbaf,gbaf,1,0.0,0.0,TIE,,0.0,0.0,TIE,
amazon_books,gbaf,concat_mlp,relevance,5044,gbaf,gbaf,1,0.0,0.0,TIE,,0.0,0.0,TIE,
amazon_books,gbaf,concat_mlp,relevance,9664,gbaf,gbaf,1,0.0,1.0,concat_mlp,0.0,0.0,1.0,concat_mlp,0.0
amazon_books,gbaf,concat_mlp,relevance,11455,gbaf,gbaf,1,0.0,0.0,TIE,,0.0,0.0,TIE,
amazon_books,gbaf,concat_mlp,relevance,6885,gbaf,gbaf,1,0.0,0.0,TIE,,0.0,0.0,TIE,
amazon_books,gbaf,concat_mlp,relevance,1322,gbaf,gbaf,1,0.0,0.0,TIE,,0.0,0.0,TIE,
amazon_books,gbaf,concat_mlp,relevance,1866,gbaf,gbaf,1,0.0,0.0,TIE,,0.0,0.0,TIE,
amazon_books,gbaf,concat_mlp,relevance,10368,gbaf,gbaf,1,0.0,0.0,TIE,,0.0,0.0,TIE,
amazon_books,gbaf,concat_mlp,relevance,8680,gbaf,gbaf,1,0.0,0.0,TIE,,0.0,0.0,TIE,
amazon_books,gbaf,concat_mlp,relevance,3864,concat_mlp,gbaf,0,0.0,0.0,TIE,,0.0,0.0,TIE,
amazon_books,gbaf,concat_mlp,relevance,9111,gbaf,gbaf,1,0.0,0.0,TIE,,0.0,0.0,TIE,
amazon_books,gbaf,concat_mlp,relevance,4263,gbaf,gbaf,1,0.0,0.0,TIE,,0.0,0.0,TIE,
amazon_books,gbaf,concat_mlp,relevance,1015,gbaf,gbaf,1,0.0,0.0,TIE,,0.0,0.0,TIE,
amazon_books,gbaf,concat_mlp,relevance,2794,concat_mlp,gbaf,0,0.0,0.0,TIE,,0.0,0.0,TIE,
amazon_books,gbaf,concat_mlp,relevance,12068,concat_mlp,gbaf,0,0.0,0.0,TIE,,0.0,0.0,TIE,
amazon_books,gbaf,fixed,balanced,11134,gbaf,gbaf,1,0.0,0.0,TIE,,0.0,0.0,TIE,
amazon_books,gbaf,fixed,balanced,4473,fixed,gbaf,0,0.0,0.0,TIE,,0.0,0.0,TIE,
amazon_books,gbaf,fixed,balanced,4457,fixed,gbaf,0,0.0,0.0,TIE,,0.0,0.0,TIE,
amazon_books,gbaf,fixed,balanced,12090,gbaf,gbaf,1,0.0,0.0,TIE,,0.0,0.0,TIE,
amazon_books,gbaf,fixed,balanced,9664,fixed,gbaf,0,0.0,0.0,TIE,,0.0,0.0,TIE,
amazon_books,gbaf,fixed,balanced,6885,gbaf,gbaf,1,0.0,0.0,TIE,,0.0,0.0,TIE,
amazon_books,gbaf,fixed,balanced,900,fixed,gbaf,0,0.0,0.0,TIE,,0.0,0.0,TIE,
amazon_books,gbaf,fixed,balanced,1866,gbaf,gbaf,1,0.0,0.0,TIE,,0.0,0.0,TIE,
amazon_books,gbaf,fixed,balanced,906,fixed,gbaf,0,0.0,0.0,TIE,,0.0,0.0,TIE,
amazon_books,gbaf,fixed,balanced,2794,gbaf,gbaf,1,0.0,0.0,TIE,,0.0,0.0,TIE,
amazon_books,gbaf,fixed,balanced,2723,gbaf,gbaf,1,0.0,0.0,TIE,,0.0,0.0,TIE,
amazon_books,gbaf,fixed,diversity,10671,fixed,gbaf,0,0.0,0.0,TIE,,0.0,0.0,TIE,
amazon_books,gbaf,fixed,diversity,1937,gbaf,gbaf,1,0.0,0.0,TIE,,0.0,0.0,TIE,
amazon_books,gbaf,fixed,diversity,4457,fixed,gbaf,0,0.0,0.0,TIE,,0.0,0.0,TIE,
amazon_books,gbaf,fixed,diversity,11015,gbaf,gbaf,1,0.0,0.0,TIE,,0.0,0.0,TIE,
amazon_books,gbaf,fixed,diversity,296,fixed,gbaf,0,0.0,0.0,TIE,,0.0,0.0,TIE,
amazon_books,gbaf,fixed,diversity,1754,gbaf,gbaf,1,0.0,0.0,TIE,,0.0,0.0,TIE,
amazon_books,gbaf,fixed,diversity,4611,gbaf,gbaf,1,0.3010299956639812,0.0,gbaf,1.0,1.0,0.0,gbaf,1.0
amazon_books,gbaf,fixed,diversity,12090,gbaf,gbaf,1,0.0,0.0,TIE,,0.0,0.0,TIE,
amazon_books,gbaf,fixed,diversity,9664,fixed,gbaf,0,0.0,0.0,TIE,,0.0,0.0,TIE,
amazon_books,gbaf,fixed,diversity,2553,fixed,gbaf,0,0.0,0.0,TIE,,0.0,0.0,TIE,
amazon_books,gbaf,fixed,diversity,2723,gbaf,gbaf,1,0.0,0.0,TIE,,0.0,0.0,TIE,
amazon_books,gbaf,fixed,novelty,3606,fixed,gbaf,0,0.0,0.0,TIE,,0.0,0.0,TIE,
amazon_books,gbaf,fixed,novelty,11974,gbaf,gbaf,1,0.0,0.0,TIE,,0.0,0.0,TIE,
amazon_books,gbaf,fixed,novelty,5237,fixed,gbaf,0,0.0,0.0,TIE,,0.0,0.0,TIE,
amazon_books,gbaf,fixed,novelty,8215,gbaf,gbaf,1,0.0,0.0,TIE,,0.0,0.0,TIE,
amazon_books,gbaf,fixed,novelty,5989,fixed,gbaf,0,0.0,0.0,TIE,,0.0,0.0,TIE,
amazon_books,gbaf,fixed,novelty,4611,gbaf,gbaf,1,0.3010299956639812,0.0,gbaf,1.0,1.0,0.0,gbaf,1.0
amazon_books,gbaf,fixed,novelty,12090,fixed,gbaf,0,0.0,0.0,TIE,,0.0,0.0,TIE,
amazon_books,gbaf,fixed,novelty,9664,fixed,gbaf,0,0.0,0.0,TIE,,0.0,0.0,TIE,
amazon_books,gbaf,fixed,novelty,5158,fixed,gbaf,0,0.0,0.0,TIE,,0.0,0.0,TIE,
amazon_books,gbaf,fixed,novelty,900,gbaf,gbaf,1,0.0,0.0,TIE,,0.0,0.0,TIE,
amazon_books,gbaf,fixed,novelty,1322,gbaf,gbaf,1,0.0,0.0,TIE,,0.0,0.0,TIE,
amazon_books,gbaf,fixed,novelty,1866,gbaf,gbaf,1,0.0,0.0,TIE,,0.0,0.0,TIE,
amazon_books,gbaf,fixed,novelty,552,gbaf,gbaf,1,0.0,0.0,TIE,,0.0,0.0,TIE,
amazon_books,gbaf,fixed,novelty,6638,fixed,gbaf,0,0.0,0.0,TIE,,0.0,0.0,TIE,
amazon_books,gbaf,fixed,novelty,1804,fixed,gbaf,0,0.0,0.0,TIE,,0.0,0.0,TIE,
amazon_books,gbaf,fixed,novelty,8679,gbaf,gbaf,1,0.0,0.0,TIE,,0.0,0.0,TIE,
amazon_books,gbaf,fixed,novelty,4263,gbaf,gbaf,1,0.0,0.0,TIE,,0.0,0.0,TIE,
amazon_books,gbaf,fixed,novelty,5335,gbaf,gbaf,1,0.0,0.0,TIE,,0.0,0.0,TIE,
amazon_books,gbaf,fixed,novelty,2553,fixed,gbaf,0,0.0,0.0,TIE,,0.0,0.0,TIE,
amazon_books,gbaf,fixed,novelty,5564,gbaf,gbaf,1,0.0,0.0,TIE,,0.0,0.0,TIE,
amazon_books,gbaf,fixed,novelty,12068,gbaf,gbaf,1,0.0,0.0,TIE,,0.0,0.0,TIE,
amazon_books,gbaf,fixed,relevance,10671,gbaf,gbaf,1,0.0,0.0,TIE,,0.0,0.0,TIE,
amazon_books,gbaf,fixed,relevance,4473,gbaf,gbaf,1,0.0,0.0,TIE,,0.0,0.0,TIE,
amazon_books,gbaf,fixed,relevance,1937,gbaf,gbaf,1,0.0,0.0,TIE,,0.0,0.0,TIE,
amazon_books,gbaf,fixed,relevance,5989,gbaf,gbaf,1,0.0,0.0,TIE,,0.0,0.0,TIE,
amazon_books,gbaf,fixed,relevance,4611,fixed,gbaf,0,0.3010299956639812,0.0,gbaf,0.0,1.0,0.0,gbaf,0.0
amazon_books,gbaf,fixed,relevance,5158,fixed,gbaf,0,0.0,0.0,TIE,,0.0,0.0,TIE,
amazon_books,gbaf,fixed,relevance,900,gbaf,gbaf,1,0.0,0.0,TIE,,0.0,0.0,TIE,
amazon_books,gbaf,fixed,relevance,906,fixed,gbaf,0,0.0,0.0,TIE,,0.0,0.0,TIE,
amazon_books,gbaf,fixed,relevance,8679,gbaf,gbaf,1,0.0,0.0,TIE,,0.0,0.0,TIE,
amazon_books,gbaf,fixed,relevance,2794,gbaf,gbaf,1,0.0,0.0,TIE,,0.0,0.0,TIE,
amazon_books,gbaf,fixed,relevance,12068,fixed,gbaf,0,0.0,0.0,TIE,,0.0,0.0,TIE,
amazon_books,gradnorm_only,concat_mlp,balanced,4473,gradnorm_only,gradnorm_only,1,0.0,0.0,TIE,,0.0,0.0,TIE,
amazon_books,gradnorm_only,concat_mlp,balanced,1937,gradnorm_only,gradnorm_only,1,0.0,0.0,TIE,,0.0,0.0,TIE,
amazon_books,gradnorm_only,concat_mlp,balanced,11974,gradnorm_only,gradnorm_only,1,0.0,0.0,TIE,,0.0,0.0,TIE,
amazon_books,gradnorm_only,concat_mlp,balanced,4457,concat_mlp,gradnorm_only,0,0.0,0.0,TIE,,0.0,0.0,TIE,
amazon_books,gradnorm_only,concat_mlp,balanced,1754,concat_mlp,gradnorm_only,0,0.0,0.0,TIE,,0.0,0.0,TIE,
amazon_books,gradnorm_only,concat_mlp,balanced,4611,gradnorm_only,gradnorm_only,1,0.0,0.0,TIE,,0.0,0.0,TIE,
amazon_books,gradnorm_only,concat_mlp,balanced,5044,concat_mlp,gradnorm_only,0,0.0,0.0,TIE,,0.0,0.0,TIE,
amazon_books,gradnorm_only,concat_mlp,balanced,1322,concat_mlp,gradnorm_only,0,0.0,0.0,TIE,,0.0,0.0,TIE,
amazon_books,gradnorm_only,concat_mlp,balanced,1866,gradnorm_only,gradnorm_only,1,0.0,0.0,TIE,,0.0,0.0,TIE,
amazon_books,gradnorm_only,concat_mlp,balanced,10368,gradnorm_only,gradnorm_only,1,0.0,0.0,TIE,,0.0,0.0,TIE,
amazon_books,gradnorm_only,concat_mlp,balanced,10324,concat_mlp,gradnorm_only,0,0.0,0.0,TIE,,0.0,0.0,TIE,
amazon_books,gradnorm_only,concat_mlp,balanced,1015,gradnorm_only,gradnorm_only,1,0.0,0.0,TIE,,0.0,0.0,TIE,
amazon_books,gradnorm_only,concat_mlp,balanced,5564,gradnorm_only,gradnorm_only,1,0.0,0.0,TIE,,0.0,0.0,TIE,
amazon_books,gradnorm_only,concat_mlp,diversity,11134,gradnorm_only,gradnorm_only,1,0.0,0.0,TIE,,0.0,0.0,TIE,
amazon_books,gradnorm_only,concat_mlp,diversity,7688,gradnorm_only,gradnorm_only,1,0.0,0.0,TIE,,0.0,0.0,TIE,
amazon_books,gradnorm_only,concat_mlp,diversity,1937,gradnorm_only,gradnorm_only,1,0.0,0.0,TIE,,0.0,0.0,TIE,
amazon_books,gradnorm_only,concat_mlp,diversity,11974,gradnorm_only,gradnorm_only,1,0.0,0.0,TIE,,0.0,0.0,TIE,
amazon_books,gradnorm_only,concat_mlp,diversity,5237,concat_mlp,gradnorm_only,0,0.0,0.0,TIE,,0.0,0.0,TIE,
amazon_books,gradnorm_only,concat_mlp,diversity,5044,concat_mlp,gradnorm_only,0,0.0,0.0,TIE,,0.0,0.0,TIE,
amazon_books,gradnorm_only,concat_mlp,diversity,5158,gradnorm_only,gradnorm_only,1,0.0,0.0,TIE,,0.0,0.0,TIE,
amazon_books,gradnorm_only,concat_mlp,diversity,1322,concat_mlp,gradnorm_only,0,0.0,0.0,TIE,,0.0,0.0,TIE,
amazon_books,gradnorm_only,concat_mlp,diversity,3864,gradnorm_only,gradnorm_only,1,0.0,0.0,TIE,,0.0,0.0,TIE,
amazon_books,gradnorm_only,concat_mlp,diversity,1804,gradnorm_only,gradnorm_only,1,0.0,0.0,TIE,,0.0,0.0,TIE,
amazon_books,gradnorm_only,concat_mlp,diversity,5564,concat_mlp,gradnorm_only,0,0.0,0.0,TIE,,0.0,0.0,TIE,
amazon_books,gradnorm_only,concat_mlp,diversity,2723,gradnorm_only,gradnorm_only,1,0.0,0.0,TIE,,0.0,0.0,TIE,
amazon_books,gradnorm_only,concat_mlp,novelty,11134,gradnorm_only,gradnorm_only,1,0.0,0.0,TIE,,0.0,0.0,TIE,
amazon_books,gradnorm_only,concat_mlp,novelty,4473,gradnorm_only,gradnorm_only,1,0.0,0.0,TIE,,0.0,0.0,TIE,
amazon_books,gradnorm_only,concat_mlp,novelty,7688,gradnorm_only,gradnorm_only,1,0.0,0.0,TIE,,0.0,0.0,TIE,
amazon_books,gradnorm_only,concat_mlp,novelty,1937,gradnorm_only,gradnorm_only,1,0.0,0.0,TIE,,0.0,0.0,TIE,
amazon_books,gradnorm_only,concat_mlp,novelty,11974,gradnorm_only,gradnorm_only,1,0.0,0.0,TIE,,0.0,0.0,TIE,
amazon_books,gradnorm_only,concat_mlp,novelty,8215,concat_mlp,gradnorm_only,0,0.0,0.0,TIE,,0.0,0.0,TIE,
amazon_books,gradnorm_only,concat_mlp,novelty,1754,concat_mlp,gradnorm_only,0,0.0,0.0,TIE,,0.0,0.0,TIE,
amazon_books,gradnorm_only,concat_mlp,novelty,12090,concat_mlp,gradnorm_only,0,0.0,0.0,TIE,,0.0,0.0,TIE,
amazon_books,gradnorm_only,concat_mlp,novelty,5044,concat_mlp,gradnorm_only,0,0.0,0.0,TIE,,0.0,0.0,TIE,
amazon_books,gradnorm_only,concat_mlp,novelty,11577,gradnorm_only,gradnorm_only,1,0.0,0.0,TIE,,0.0,0.0,TIE,
amazon_books,gradnorm_only,concat_mlp,novelty,1866,gradnorm_only,gradnorm_only,1,0.0,0.0,TIE,,0.0,0.0,TIE,
amazon_books,gradnorm_only,concat_mlp,novelty,10368,gradnorm_only,gradnorm_only,1,0.0,0.0,TIE,,0.0,0.0,TIE,
amazon_books,gradnorm_only,concat_mlp,novelty,3864,gradnorm_only,gradnorm_only,1,0.0,0.0,TIE,,0.0,0.0,TIE,
amazon_books,gradnorm_only,concat_mlp,novelty,552,concat_mlp,gradnorm_only,0,0.0,0.0,TIE,,0.0,0.0,TIE,
amazon_books,gradnorm_only,concat_mlp,novelty,5268,concat_mlp,gradnorm_only,0,0.0,0.0,TIE,,0.0,0.0,TIE,
amazon_books,gradnorm_only,concat_mlp,novelty,10324,gradnorm_only,gradnorm_only,1,0.0,0.0,TIE,,0.0,0.0,TIE,
amazon_books,gradnorm_only,concat_mlp,novelty,1804,gradnorm_only,gradnorm_only,1,0.0,0.0,TIE,,0.0,0.0,TIE,
amazon_books,gradnorm_only,concat_mlp,novelty,8679,concat_mlp,gradnorm_only,0,0.0,0.0,TIE,,0.0,0.0,TIE,
amazon_books,gradnorm_only,concat_mlp,novelty,1015,concat_mlp,gradnorm_only,0,0.0,0.0,TIE,,0.0,0.0,TIE,
amazon_books,gradnorm_only,concat_mlp,novelty,2794,concat_mlp,gradnorm_only,0,0.0,0.0,TIE,,0.0,0.0,TIE,
amazon_books,gradnorm_only,concat_mlp,novelty,2553,concat_mlp,gradnorm_only,0,0.0,0.0,TIE,,0.0,0.0,TIE,
amazon_books,gradnorm_only,concat_mlp,novelty,5564,concat_mlp,gradnorm_only,0,0.0,0.0,TIE,,0.0,0.0,TIE,
amazon_books,gradnorm_only,concat_mlp,novelty,12068,gradnorm_only,gradnorm_only,1,0.0,0.0,TIE,,0.0,0.0,TIE,
amazon_books,gradnorm_only,concat_mlp,relevance,9277,gradnorm_only,gradnorm_only,1,0.0,0.0,TIE,,0.0,0.0,TIE,
amazon_books,gradnorm_only,concat_mlp,relevance,11974,gradnorm_only,gradnorm_only,1,0.0,0.0,TIE,,0.0,0.0,TIE,
amazon_books,gradnorm_only,concat_mlp,relevance,11015,concat_mlp,gradnorm_only,0,0.0,0.0,TIE,,0.0,0.0,TIE,
amazon_books,gradnorm_only,concat_mlp,relevance,296,gradnorm_only,gradnorm_only,1,0.0,0.0,TIE,,0.0,0.0,TIE,
amazon_books,gradnorm_only,concat_mlp,relevance,1754,concat_mlp,gradnorm_only,0,0.0,0.0,TIE,,0.0,0.0,TIE,
amazon_books,gradnorm_only,concat_mlp,relevance,5989,gradnorm_only,gradnorm_only,1,0.0,0.0,TIE,,0.0,0.0,TIE,
amazon_books,gradnorm_only,concat_mlp,relevance,4611,gradnorm_only,gradnorm_only,1,0.0,0.0,TIE,,0.0,0.0,TIE,
amazon_books,gradnorm_only,concat_mlp,relevance,12090,gradnorm_only,gradnorm_only,1,0.0,0.0,TIE,,0.0,0.0,TIE,
amazon_books,gradnorm_only,concat_mlp,relevance,10368,gradnorm_only,gradnorm_only,1,0.0,0.0,TIE,,0.0,0.0,TIE,
amazon_books,gradnorm_only,concat_mlp,relevance,5268,gradnorm_only,gradnorm_only,1,0.0,0.0,TIE,,0.0,0.0,TIE,
amazon_books,gradnorm_only,concat_mlp,relevance,10324,concat_mlp,gradnorm_only,0,0.0,0.0,TIE,,0.0,0.0,TIE,
amazon_books,gradnorm_only,concat_mlp,relevance,6638,gradnorm_only,gradnorm_only,1,0.0,0.0,TIE,,0.0,0.0,TIE,
amazon_books,gradnorm_only,concat_mlp,relevance,1804,concat_mlp,gradnorm_only,0,0.0,0.0,TIE,,0.0,0.0,TIE,
amazon_books,gradnorm_only,concat_mlp,relevance,2553,gradnorm_only,gradnorm_only,1,0.0,0.0,TIE,,0.0,0.0,TIE,
amazon_books,gradnorm_only,concat_mlp,relevance,5564,gradnorm_only,gradnorm_only,1,0.0,0.0,TIE,,0.0,0.0,TIE,
amazon_books,lightgcn_only,fixed,balanced,4457,fixed,lightgcn_only,0,0.0,0.0,TIE,,0.0,0.0,TIE,
amazon_books,lightgcn_only,fixed,balanced,1754,lightgcn_only,lightgcn_only,1,0.0,0.0,TIE,,0.0,0.0,TIE,
amazon_books,lightgcn_only,fixed,balanced,4611,fixed,lightgcn_only,0,0.0,0.0,TIE,,0.0,0.0,TIE,
amazon_books,lightgcn_only,fixed,balanced,9664,fixed,lightgcn_only,0,0.0,0.0,TIE,,0.0,0.0,TIE,
amazon_books,lightgcn_only,fixed,balanced,5158,fixed,lightgcn_only,0,0.0,0.0,TIE,,0.0,0.0,TIE,
amazon_books,lightgcn_only,fixed,balanced,1322,lightgcn_only,lightgcn_only,1,0.0,0.0,TIE,,0.0,0.0,TIE,
amazon_books,lightgcn_only,fixed,balanced,6259,lightgcn_only,lightgcn_only,1,0.0,0.0,TIE,,0.0,0.0,TIE,
amazon_books,lightgcn_only,fixed,balanced,10368,fixed,lightgcn_only,0,0.0,0.0,TIE,,0.0,0.0,TIE,
amazon_books,lightgcn_only,fixed,balanced,8680,fixed,lightgcn_only,0,0.0,0.0,TIE,,0.0,0.0,TIE,
amazon_books,lightgcn_only,fixed,balanced,8679,lightgcn_only,lightgcn_only,1,0.0,0.0,TIE,,0.0,0.0,TIE,
amazon_books,lightgcn_only,fixed,balanced,8449,fixed,lightgcn_only,0,0.0,0.0,TIE,,0.0,0.0,TIE,
amazon_books,lightgcn_only,fixed,balanced,2723,lightgcn_only,lightgcn_only,1,0.0,0.0,TIE,,0.0,0.0,TIE,
amazon_books,lightgcn_only,fixed,diversity,10671,fixed,lightgcn_only,0,0.0,0.0,TIE,,0.0,0.0,TIE,
amazon_books,lightgcn_only,fixed,diversity,4473,fixed,lightgcn_only,0,0.0,0.0,TIE,,0.0,0.0,TIE,
amazon_books,lightgcn_only,fixed,diversity,4457,lightgcn_only,lightgcn_only,1,0.0,0.0,TIE,,0.0,0.0,TIE,
amazon_books,lightgcn_only,fixed,diversity,296,fixed,lightgcn_only,0,0.0,0.0,TIE,,0.0,0.0,TIE,
amazon_books,lightgcn_only,fixed,diversity,8215,lightgcn_only,lightgcn_only,1,0.0,0.0,TIE,,0.0,0.0,TIE,
amazon_books,lightgcn_only,fixed,diversity,12090,lightgcn_only,lightgcn_only,1,0.0,0.0,TIE,,0.0,0.0,TIE,
amazon_books,lightgcn_only,fixed,diversity,5044,lightgcn_only,lightgcn_only,1,0.0,0.0,TIE,,0.0,0.0,TIE,
amazon_books,lightgcn_only,fixed,diversity,9664,fixed,lightgcn_only,0,0.0,0.0,TIE,,0.0,0.0,TIE,
amazon_books,lightgcn_only,fixed,diversity,5158,fixed,lightgcn_only,0,0.0,0.0,TIE,,0.0,0.0,TIE,
amazon_books,lightgcn_only,fixed,diversity,1322,lightgcn_only,lightgcn_only,1,0.0,0.0,TIE,,0.0,0.0,TIE,
amazon_books,lightgcn_only,fixed,diversity,6259,lightgcn_only,lightgcn_only,1,0.0,0.0,TIE,,0.0,0.0,TIE,
amazon_books,lightgcn_only,fixed,diversity,10368,fixed,lightgcn_only,0,0.0,0.0,TIE,,0.0,0.0,TIE,
amazon_books,lightgcn_only,fixed,diversity,552,fixed,lightgcn_only,0,0.0,0.0,TIE,,0.0,0.0,TIE,
amazon_books,lightgcn_only,fixed,diversity,6638,fixed,lightgcn_only,0,0.0,0.0,TIE,,0.0,0.0,TIE,
amazon_books,lightgcn_only,fixed,diversity,8679,lightgcn_only,lightgcn_only,1,0.0,0.0,TIE,,0.0,0.0,TIE,
amazon_books,lightgcn_only,fixed,diversity,4263,lightgcn_only,lightgcn_only,1,0.0,0.0,TIE,,0.0,0.0,TIE,
amazon_books,lightgcn_only,fixed,diversity,8449,fixed,lightgcn_only,0,0.0,0.0,TIE,,0.0,0.0,TIE,
amazon_books,lightgcn_only,fixed,diversity,5335,lightgcn_only,lightgcn_only,1,0.0,0.0,TIE,,0.0,0.0,TIE,
amazon_books,lightgcn_only,fixed,diversity,4068,fixed,lightgcn_only,0,0.0,0.0,TIE,,0.0,0.0,TIE,
amazon_books,lightgcn_only,fixed,diversity,2553,fixed,lightgcn_only,0,0.0,0.0,TIE,,0.0,0.0,TIE,
amazon_books,lightgcn_only,fixed,novelty,10671,fixed,lightgcn_only,0,0.0,0.0,TIE,,0.0,0.0,TIE,
amazon_books,lightgcn_only,fixed,novelty,4473,fixed,lightgcn_only,0,0.0,0.0,TIE,,0.0,0.0,TIE,
amazon_books,lightgcn_only,fixed,novelty,4457,lightgcn_only,lightgcn_only,1,0.0,0.0,TIE,,0.0,0.0,TIE,
amazon_books,lightgcn_only,fixed,novelty,296,fixed,lightgcn_only,0,0.0,0.0,TIE,,0.0,0.0,TIE,
amazon_books,lightgcn_only,fixed,novelty,10134,fixed,lightgcn_only,0,0.0,0.0,TIE,,0.0,0.0,TIE,
amazon_books,lightgcn_only,fixed,novelty,5237,fixed,lightgcn_only,0,0.0,0.0,TIE,,0.0,0.0,TIE,
amazon_books,lightgcn_only,fixed,novelty,8215,lightgcn_only,lightgcn_only,1,0.0,0.0,TIE,,0.0,0.0,TIE,
amazon_books,lightgcn_only,fixed,novelty,5989,fixed,lightgcn_only,0,0.0,0.0,TIE,,0.0,0.0,TIE,
amazon_books,lightgcn_only,fixed,novelty,5044,lightgcn_only,lightgcn_only,1,0.0,0.0,TIE,,0.0,0.0,TIE,
amazon_books,lightgcn_only,fixed,novelty,9664,fixed,lightgcn_only,0,0.0,0.0,TIE,,0.0,0.0,TIE,
amazon_books,lightgcn_only,fixed,novelty,5158,fixed,lightgcn_only,0,0.0,0.0,TIE,,0.0,0.0,TIE,
amazon_books,lightgcn_only,fixed,novelty,6885,fixed,lightgcn_only,0,0.0,0.0,TIE,,0.0,0.0,TIE,
amazon_books,lightgcn_only,fixed,novelty,1322,lightgcn_only,lightgcn_only,1,0.0,0.0,TIE,,0.0,0.0,TIE,
amazon_books,lightgcn_only,fixed,novelty,1866,lightgcn_only,lightgcn_only,1,0.0,0.0,TIE,,0.0,0.0,TIE,
amazon_books,lightgcn_only,fixed,novelty,10368,fixed,lightgcn_only,0,0.0,0.0,TIE,,0.0,0.0,TIE,
amazon_books,lightgcn_only,fixed,novelty,906,lightgcn_only,lightgcn_only,1,0.0,0.0,TIE,,0.0,0.0,TIE,
amazon_books,lightgcn_only,fixed,novelty,3864,lightgcn_only,lightgcn_only,1,0.0,0.0,TIE,,0.0,0.0,TIE,
amazon_books,lightgcn_only,fixed,novelty,552,fixed,lightgcn_only,0,0.0,0.0,TIE,,0.0,0.0,TIE,
amazon_books,lightgcn_only,fixed,novelty,10324,lightgcn_only,lightgcn_only,1,0.0,0.0,TIE,,0.0,0.0,TIE,
amazon_books,lightgcn_only,fixed,novelty,6638,fixed,lightgcn_only,0,0.0,0.0,TIE,,0.0,0.0,TIE,
amazon_books,lightgcn_only,fixed,novelty,8679,lightgcn_only,lightgcn_only,1,0.0,0.0,TIE,,0.0,0.0,TIE,
amazon_books,lightgcn_only,fixed,novelty,9111,fixed,lightgcn_only,0,0.0,0.0,TIE,,0.0,0.0,TIE,
amazon_books,lightgcn_only,fixed,novelty,1015,lightgcn_only,lightgcn_only,1,0.0,0.0,TIE,,0.0,0.0,TIE,
amazon_books,lightgcn_only,fixed,novelty,8449,fixed,lightgcn_only,0,0.0,0.0,TIE,,0.0,0.0,TIE,
amazon_books,lightgcn_only,fixed,novelty,2553,fixed,lightgcn_only,0,0.0,0.0,TIE,,0.0,0.0,TIE,
amazon_books,lightgcn_only,fixed,novelty,5564,lightgcn_only,lightgcn_only,1,0.0,0.0,TIE,,0.0,0.0,TIE,
amazon_books,lightgcn_only,fixed,novelty,2723,lightgcn_only,lightgcn_only,1,0.0,0.0,TIE,,0.0,0.0,TIE,
amazon_books,lightgcn_only,fixed,relevance,7688,lightgcn_only,lightgcn_only,1,0.0,0.0,TIE,,0.0,0.0,TIE,
amazon_books,lightgcn_only,fixed,relevance,11974,fixed,lightgcn_only,0,0.0,0.0,TIE,,0.0,0.0,TIE,
amazon_books,lightgcn_only,fixed,relevance,4457,fixed,lightgcn_only,0,0.0,0.0,TIE,,0.0,0.0,TIE,
amazon_books,lightgcn_only,fixed,relevance,5044,fixed,lightgcn_only,0,0.0,0.0,TIE,,0.0,0.0,TIE,
amazon_books,lightgcn_only,fixed,relevance,9664,fixed,lightgcn_only,0,0.0,0.0,TIE,,0.0,0.0,TIE,
amazon_books,lightgcn_only,fixed,relevance,1322,lightgcn_only,lightgcn_only,1,0.0,0.0,TIE,,0.0,0.0,TIE,
amazon_books,lightgcn_only,fixed,relevance,8680,fixed,lightgcn_only,0,0.0,0.0,TIE,,0.0,0.0,TIE,
amazon_books,lightgcn_only,fixed,relevance,3864,lightgcn_only,lightgcn_only,1,0.0,0.0,TIE,,0.0,0.0,TIE,
amazon_books,lightgcn_only,fixed,relevance,8679,lightgcn_only,lightgcn_only,1,0.0,0.0,TIE,,0.0,0.0,TIE,
amazon_books,lightgcn_only,fixed,relevance,8449,fixed,lightgcn_only,0,0.0,0.0,TIE,,0.0,0.0,TIE,
amazon_books,lightgcn_only,fixed,relevance,5335,fixed,lightgcn_only,0,0.0,0.0,TIE,,0.0,0.0,TIE,
amazon_books,lightgcn_only,fixed,relevance,5564,fixed,lightgcn_only,0,0.0,0.0,TIE,,0.0,0.0,TIE,
amazon_cds,gbaf,concat_mlp,balanced,14321,concat_mlp,gbaf,0,0.0,0.0,TIE,,0.0,0.0,TIE,
amazon_cds,gbaf,concat_mlp,balanced,5338,gbaf,gbaf,1,0.0,0.0,TIE,,0.0,0.0,TIE,
amazon_cds,gbaf,concat_mlp,balanced,12364,concat_mlp,gbaf,0,0.31546487678572877,0.0,gbaf,0.0,1.0,0.0,gbaf,0.0
amazon_cds,gbaf,concat_mlp,balanced,6869,gbaf,gbaf,1,0.0,0.0,TIE,,0.0,0.0,TIE,
amazon_cds,gbaf,concat_mlp,balanced,11615,gbaf,gbaf,1,0.0,0.0,TIE,,0.0,0.0,TIE,
amazon_cds,gbaf,concat_mlp,balanced,8093,concat_mlp,gbaf,0,0.0,0.0,TIE,,0.0,0.0,TIE,
amazon_cds,gbaf,concat_mlp,balanced,9564,concat_mlp,gbaf,0,0.0,0.0,TIE,,0.0,0.0,TIE,
amazon_cds,gbaf,concat_mlp,balanced,5010,gbaf,gbaf,1,0.0,0.0,TIE,,0.0,0.0,TIE,
amazon_cds,gbaf,concat_mlp,balanced,9145,gbaf,gbaf,1,0.0,0.0,TIE,,0.0,0.0,TIE,
amazon_cds,gbaf,concat_mlp,balanced,4439,gbaf,gbaf,1,0.0,0.0,TIE,,0.0,0.0,TIE,
amazon_cds,gbaf,concat_mlp,balanced,11879,gbaf,gbaf,1,0.0,0.0,TIE,,0.0,0.0,TIE,
amazon_cds,gbaf,concat_mlp,diversity,13752,concat_mlp,gbaf,0,0.0,0.0,TIE,,0.0,0.0,TIE,
amazon_cds,gbaf,concat_mlp,diversity,965,gbaf,gbaf,1,0.0,0.0,TIE,,0.0,0.0,TIE,
amazon_cds,gbaf,concat_mlp,diversity,4330,gbaf,gbaf,1,0.0,0.0,TIE,,0.0,0.0,TIE,
amazon_cds,gbaf,concat_mlp,diversity,2836,gbaf,gbaf,1,0.0,0.0,TIE,,0.0,0.0,TIE,
amazon_cds,gbaf,concat_mlp,diversity,6869,concat_mlp,gbaf,0,0.0,0.0,TIE,,0.0,0.0,TIE,
amazon_cds,gbaf,concat_mlp,diversity,3484,concat_mlp,gbaf,0,0.0,0.0,TIE,,0.0,0.0,TIE,
amazon_cds,gbaf,concat_mlp,diversity,4882,concat_mlp,gbaf,0,0.0,0.0,TIE,,0.0,0.0,TIE,
amazon_cds,gbaf,concat_mlp,diversity,5010,concat_mlp,gbaf,0,0.0,0.0,TIE,,0.0,0.0,TIE,
amazon_cds,gbaf,concat_mlp,diversity,11879,gbaf,gbaf,1,0.0,0.0,TIE,,0.0,0.0,TIE,
amazon_cds,gbaf,concat_mlp,novelty,13752,concat_mlp,gbaf,0,0.0,0.0,TIE,,0.0,0.0,TIE,
amazon_cds,gbaf,concat_mlp,novelty,965,gbaf,gbaf,1,0.0,0.0,TIE,,0.0,0.0,TIE,
amazon_cds,gbaf,concat_mlp,novelty,906,gbaf,gbaf,1,0.0,0.3562071871080222,concat_mlp,0.0,0.0,1.0,concat_mlp,0.0
amazon_cds,gbaf,concat_mlp,novelty,2105,concat_mlp,gbaf,0,0.0,0.0,TIE,,0.0,0.0,TIE,
amazon_cds,gbaf,concat_mlp,novelty,14125,concat_mlp,gbaf,0,0.0,0.0,TIE,,0.0,0.0,TIE,
amazon_cds,gbaf,concat_mlp,novelty,5338,gbaf,gbaf,1,0.0,0.0,TIE,,0.0,0.0,TIE,
amazon_cds,gbaf,concat_mlp,novelty,10856,gbaf,gbaf,1,0.0,0.0,TIE,,0.0,0.0,TIE,
amazon_cds,gbaf,concat_mlp,novelty,4330,gbaf,gbaf,1,0.0,0.0,TIE,,0.0,0.0,TIE,
amazon_cds,gbaf,concat_mlp,novelty,2836,gbaf,gbaf,1,0.0,0.0,TIE,,0.0,0.0,TIE,
amazon_cds,gbaf,concat_mlp,novelty,3628,concat_mlp,gbaf,0,0.0,0.0,TIE,,0.0,0.0,TIE,
amazon_cds,gbaf,concat_mlp,novelty,7089,gbaf,gbaf,1,0.0,0.0,TIE,,0.0,0.0,TIE,
amazon_cds,gbaf,concat_mlp,novelty,830,concat_mlp,gbaf,0,0.0,0.0,TIE,,0.0,0.0,TIE,
amazon_cds,gbaf,concat_mlp,novelty,6869,concat_mlp,gbaf,0,0.0,0.0,TIE,,0.0,0.0,TIE,
amazon_cds,gbaf,concat_mlp,novelty,3484,concat_mlp,gbaf,0,0.0,0.0,TIE,,0.0,0.0,TIE,
amazon_cds,gbaf,concat_mlp,novelty,10156,gbaf,gbaf,1,0.0,0.0,TIE,,0.0,0.0,TIE,
amazon_cds,gbaf,concat_mlp,novelty,4882,concat_mlp,gbaf,0,0.0,0.0,TIE,,0.0,0.0,TIE,
amazon_cds,gbaf,concat_mlp,novelty,9564,gbaf,gbaf,1,0.0,0.0,TIE,,0.0,0.0,TIE,
amazon_cds,gbaf,concat_mlp,novelty,2080,concat_mlp,gbaf,0,0.0,0.0,TIE,,0.0,0.0,TIE,
amazon_cds,gbaf,concat_mlp,novelty,5010,concat_mlp,gbaf,0,0.0,0.0,TIE,,0.0,0.0,TIE,
amazon_cds,gbaf,concat_mlp,novelty,9145,concat_mlp,gbaf,0,0.0,0.0,TIE,,0.0,0.0,TIE,
amazon_cds,gbaf,concat_mlp,novelty,15424,gbaf,gbaf,1,0.0,0.0,TIE,,0.0,0.0,TIE,
amazon_cds,gbaf,concat_mlp,novelty,11879,concat_mlp,gbaf,0,0.0,0.0,TIE,,0.0,0.0,TIE,
amazon_cds,gbaf,concat_mlp,relevance,906,gbaf,gbaf,1,0.0,0.3562071871080222,concat_mlp,0.0,0.0,1.0,concat_mlp,0.0
amazon_cds,gbaf,concat_mlp,relevance,5338,gbaf,gbaf,1,0.0,0.0,TIE,,0.0,0.0,TIE,
amazon_cds,gbaf,concat_mlp,relevance,2836,gbaf,gbaf,1,0.0,0.0,TIE,,0.0,0.0,TIE,
amazon_cds,gbaf,concat_mlp,relevance,13540,gbaf,gbaf,1,0.0,0.0,TIE,,0.0,0.0,TIE,
amazon_cds,gbaf,concat_mlp,relevance,7089,concat_mlp,gbaf,0,0.0,0.0,TIE,,0.0,0.0,TIE,
amazon_cds,gbaf,concat_mlp,relevance,4645,concat_mlp,gbaf,0,0.0,0.0,TIE,,0.0,0.0,TIE,
amazon_cds,gbaf,concat_mlp,relevance,3640,concat_mlp,gbaf,0,0.0,0.0,TIE,,0.0,0.0,TIE,
amazon_cds,gbaf,concat_mlp,relevance,830,concat_mlp,gbaf,0,0.0,0.0,TIE,,0.0,0.0,TIE,
amazon_cds,gbaf,concat_mlp,relevance,3169,concat_mlp,gbaf,0,0.0,0.0,TIE,,0.0,0.0,TIE,
amazon_cds,gbaf,concat_mlp,relevance,11615,gbaf,gbaf,1,0.0,0.0,TIE,,0.0,0.0,TIE,
amazon_cds,gbaf,concat_mlp,relevance,8093,concat_mlp,gbaf,0,0.0,0.0,TIE,,0.0,0.0,TIE,
amazon_cds,gbaf,concat_mlp,relevance,5010,gbaf,gbaf,1,0.0,0.0,TIE,,0.0,0.0,TIE,
amazon_cds,gbaf,concat_mlp,relevance,4439,gbaf,gbaf,1,0.0,0.0,TIE,,0.0,0.0,TIE,
amazon_cds,gbaf,concat_mlp,relevance,489,concat_mlp,gbaf,0,0.0,0.0,TIE,,0.0,0.0,TIE,
amazon_cds,gbaf,concat_mlp,relevance,10328,concat_mlp,gbaf,0,0.0,0.0,TIE,,0.0,0.0,TIE,
amazon_cds,gbaf,fixed,balanced,14321,fixed,gbaf,0,0.0,0.0,TIE,,0.0,0.0,TIE,
amazon_cds,gbaf,fixed,balanced,13315,gbaf,gbaf,1,0.0,0.0,TIE,,0.0,0.0,TIE,
amazon_cds,gbaf,fixed,balanced,13752,fixed,gbaf,0,0.0,0.0,TIE,,0.0,0.0,TIE,
amazon_cds,gbaf,fixed,balanced,906,gbaf,gbaf,1,0.0,0.0,TIE,,0.0,0.0,TIE,
amazon_cds,gbaf,fixed,balanced,2217,gbaf,gbaf,1,0.0,0.0,TIE,,0.0,0.0,TIE,
amazon_cds,gbaf,fixed,balanced,2562,gbaf,gbaf,1,0.0,0.0,TIE,,0.0,0.0,TIE,
amazon_cds,gbaf,fixed,balanced,7089,gbaf,gbaf,1,0.0,0.0,TIE,,0.0,0.0,TIE,
amazon_cds,gbaf,fixed,balanced,8023,gbaf,gbaf,1,0.0,0.0,TIE,,0.0,0.0,TIE,
amazon_cds,gbaf,fixed,balanced,3169,gbaf,gbaf,1,0.0,0.0,TIE,,0.0,0.0,TIE,
amazon_cds,gbaf,fixed,balanced,15216,fixed,gbaf,0,0.0,0.0,TIE,,0.0,0.0,TIE,
amazon_cds,gbaf,fixed,balanced,11615,gbaf,gbaf,1,0.0,0.0,TIE,,0.0,0.0,TIE,
amazon_cds,gbaf,fixed,balanced,12412,gbaf,gbaf,1,0.0,0.0,TIE,,0.0,0.0,TIE,
amazon_cds,gbaf,fixed,balanced,9564,fixed,gbaf,0,0.0,0.0,TIE,,0.0,0.0,TIE,
amazon_cds,gbaf,fixed,balanced,5010,gbaf,gbaf,1,0.0,0.0,TIE,,0.0,0.0,TIE,
amazon_cds,gbaf,fixed,balanced,4439,gbaf,gbaf,1,0.0,0.0,TIE,,0.0,0.0,TIE,
amazon_cds,gbaf,fixed,diversity,14321,fixed,gbaf,0,0.0,0.0,TIE,,0.0,0.0,TIE,
amazon_cds,gbaf,fixed,diversity,13315,gbaf,gbaf,1,0.0,0.0,TIE,,0.0,0.0,TIE,
amazon_cds,gbaf,fixed,diversity,13752,fixed,gbaf,0,0.0,0.0,TIE,,0.0,0.0,TIE,
amazon_cds,gbaf,fixed,diversity,906,fixed,gbaf,0,0.0,0.0,TIE,,0.0,0.0,TIE,
amazon_cds,gbaf,fixed,diversity,5338,fixed,gbaf,0,0.0,0.6309297535714575,fixed,1.0,0.0,1.0,fixed,1.0
amazon_cds,gbaf,fixed,diversity,10856,gbaf,gbaf,1,0.0,0.0,TIE,,0.0,0.0,TIE,
amazon_cds,gbaf,fixed,diversity,2217,gbaf,gbaf,1,0.0,0.0,TIE,,0.0,0.0,TIE,
amazon_cds,gbaf,fixed,diversity,2562,gbaf,gbaf,1,0.0,0.0,TIE,,0.0,0.0,TIE,
amazon_cds,gbaf,fixed,diversity,4645,gbaf,gbaf,1,0.0,0.0,TIE,,0.0,0.0,TIE,
amazon_cds,gbaf,fixed,diversity,6005,fixed,gbaf,0,0.0,0.0,TIE,,0.0,0.0,TIE,
amazon_cds,gbaf,fixed,diversity,3169,gbaf,gbaf,1,0.0,0.0,TIE,,0.0,0.0,TIE,
amazon_cds,gbaf,fixed,diversity,1726,gbaf,gbaf,1,0.0,0.0,TIE,,0.0,0.0,TIE,
amazon_cds,gbaf,fixed,diversity,6869,gbaf,gbaf,1,0.0,0.0,TIE,,0.0,0.0,TIE,
amazon_cds,gbaf,fixed,diversity,3484,gbaf,gbaf,1,0.0,0.0,TIE,,0.0,0.0,TIE,
amazon_cds,gbaf,fixed,diversity,15216,fixed,gbaf,0,0.0,0.0,TIE,,0.0,0.0,TIE,
amazon_cds,gbaf,fixed,diversity,11615,gbaf,gbaf,1,0.0,0.0,TIE,,0.0,0.0,TIE,
amazon_cds,gbaf,fixed,diversity,4882,fixed,gbaf,0,0.0,0.0,TIE,,0.0,0.0,TIE,
amazon_cds,gbaf,fixed,diversity,5010,fixed,gbaf,0,0.0,0.0,TIE,,0.0,0.0,TIE,
amazon_cds,gbaf,fixed,diversity,489,gbaf,gbaf,1,0.0,0.0,TIE,,0.0,0.0,TIE,
amazon_cds,gbaf,fixed,novelty,13315,fixed,gbaf,0,0.0,0.0,TIE,,0.0,0.0,TIE,
amazon_cds,gbaf,fixed,novelty,13209,gbaf,gbaf,1,0.0,0.0,TIE,,0.0,0.0,TIE,
amazon_cds,gbaf,fixed,novelty,5338,gbaf,gbaf,1,0.0,0.6309297535714575,fixed,0.0,0.0,1.0,fixed,0.0
amazon_cds,gbaf,fixed,novelty,2562,gbaf,gbaf,1,0.0,0.0,TIE,,0.0,0.0,TIE,
amazon_cds,gbaf,fixed,novelty,7089,gbaf,gbaf,1,0.0,0.0,TIE,,0.0,0.0,TIE,
amazon_cds,gbaf,fixed,novelty,5923,gbaf,gbaf,1,0.0,0.0,TIE,,0.0,0.0,TIE,
amazon_cds,gbaf,fixed,novelty,6005,fixed,gbaf,0,0.0,0.0,TIE,,0.0,0.0,TIE,
amazon_cds,gbaf,fixed,novelty,8860,gbaf,gbaf,1,0.0,0.0,TIE,,0.0,0.0,TIE,
amazon_cds,gbaf,fixed,novelty,3169,gbaf,gbaf,1,0.0,0.0,TIE,,0.0,0.0,TIE,
amazon_cds,gbaf,fixed,novelty,1726,gbaf,gbaf,1,0.0,0.0,TIE,,0.0,0.0,TIE,
amazon_cds,gbaf,fixed,novelty,5610,fixed,gbaf,0,0.0,0.0,TIE,,0.0,0.0,TIE,
amazon_cds,gbaf,fixed,novelty,15216,fixed,gbaf,0,0.0,0.0,TIE,,0.0,0.0,TIE,
amazon_cds,gbaf,fixed,novelty,11615,gbaf,gbaf,1,0.0,0.0,TIE,,0.0,0.0,TIE,
amazon_cds,gbaf,fixed,novelty,4882,fixed,gbaf,0,0.0,0.0,TIE,,0.0,0.0,TIE,
amazon_cds,gbaf,fixed,novelty,2080,fixed,gbaf,0,0.0,0.0,TIE,,0.0,0.0,TIE,
amazon_cds,gbaf,fixed,novelty,5010,fixed,gbaf,0,0.0,0.0,TIE,,0.0,0.0,TIE,
amazon_cds,gbaf,fixed,novelty,9145,gbaf,gbaf,1,0.0,0.0,TIE,,0.0,0.0,TIE,
amazon_cds,gbaf,fixed,novelty,4439,gbaf,gbaf,1,0.0,0.0,TIE,,0.0,0.0,TIE,
amazon_cds,gbaf,fixed,novelty,11879,fixed,gbaf,0,0.0,0.0,TIE,,0.0,0.0,TIE,
amazon_cds,gbaf,fixed,novelty,10328,gbaf,gbaf,1,0.0,0.0,TIE,,0.0,0.0,TIE,
amazon_cds,gbaf,fixed,relevance,13315,gbaf,gbaf,1,0.0,0.0,TIE,,0.0,0.0,TIE,
amazon_cds,gbaf,fixed,relevance,13752,fixed,gbaf,0,0.0,0.0,TIE,,0.0,0.0,TIE,
amazon_cds,gbaf,fixed,relevance,5338,fixed,gbaf,0,0.0,0.6309297535714575,fixed,1.0,0.0,1.0,fixed,1.0
amazon_cds,gbaf,fixed,relevance,4330,gbaf,gbaf,1,0.0,0.0,TIE,,0.0,0.0,TIE,
amazon_cds,gbaf,fixed,relevance,2562,gbaf,gbaf,1,0.0,0.0,TIE,,0.0,0.0,TIE,
amazon_cds,gbaf,fixed,relevance,8023,gbaf,gbaf,1,0.0,0.0,TIE,,0.0,0.0,TIE,
amazon_cds,gbaf,fixed,relevance,12364,gbaf,gbaf,1,0.31546487678572877,0.0,gbaf,1.0,1.0,0.0,gbaf,1.0
amazon_cds,gbaf,fixed,relevance,6005,fixed,gbaf,0,0.0,0.0,TIE,,0.0,0.0,TIE,
amazon_cds,gbaf,fixed,relevance,8860,gbaf,gbaf,1,0.0,0.0,TIE,,0.0,0.0,TIE,
amazon_cds,gbaf,fixed,relevance,3169,gbaf,gbaf,1,0.0,0.0,TIE,,0.0,0.0,TIE,
amazon_cds,gbaf,fixed,relevance,6869,gbaf,gbaf,1,0.0,0.0,TIE,,0.0,0.0,TIE,
amazon_cds,gbaf,fixed,relevance,12412,gbaf,gbaf,1,0.0,0.0,TIE,,0.0,0.0,TIE,
amazon_cds,gbaf,fixed,relevance,11879,fixed,gbaf,0,0.0,0.0,TIE,,0.0,0.0,TIE,
amazon_cds,gradnorm_only,concat_mlp,balanced,14321,gradnorm_only,gradnorm_only,1,0.0,0.0,TIE,,0.0,0.0,TIE,
amazon_cds,gradnorm_only,concat_mlp,balanced,2105,concat_mlp,gradnorm_only,0,0.0,0.0,TIE,,0.0,0.0,TIE,
amazon_cds,gradnorm_only,concat_mlp,balanced,10856,gradnorm_only,gradnorm_only,1,0.0,0.0,TIE,,0.0,0.0,TIE,
amazon_cds,gradnorm_only,concat_mlp,balanced,4330,concat_mlp,gradnorm_only,0,0.0,0.0,TIE,,0.0,0.0,TIE,
amazon_cds,gradnorm_only,concat_mlp,balanced,2562,gradnorm_only,gradnorm_only,1,0.0,0.0,TIE,,0.0,0.0,TIE,
amazon_cds,gradnorm_only,concat_mlp,balanced,12364,concat_mlp,gradnorm_only,0,0.0,0.0,TIE,,0.0,0.0,TIE,
amazon_cds,gradnorm_only,concat_mlp,balanced,5923,concat_mlp,gradnorm_only,0,0.0,0.0,TIE,,0.0,0.0,TIE,
amazon_cds,gradnorm_only,concat_mlp,balanced,6005,gradnorm_only,gradnorm_only,1,0.0,0.0,TIE,,0.0,0.0,TIE,
amazon_cds,gradnorm_only,concat_mlp,balanced,15216,gradnorm_only,gradnorm_only,1,0.0,0.0,TIE,,0.0,0.0,TIE,
amazon_cds,gradnorm_only,concat_mlp,balanced,11615,concat_mlp,gradnorm_only,0,0.0,0.0,TIE,,0.0,0.0,TIE,
amazon_cds,gradnorm_only,concat_mlp,balanced,5010,gradnorm_only,gradnorm_only,1,0.0,0.0,TIE,,0.0,0.0,TIE,
amazon_cds,gradnorm_only,concat_mlp,diversity,965,gradnorm_only,gradnorm_only,1,0.0,0.0,TIE,,0.0,0.0,TIE,
amazon_cds,gradnorm_only,concat_mlp,diversity,2105,concat_mlp,gradnorm_only,0,0.0,0.0,TIE,,0.0,0.0,TIE,
amazon_cds,gradnorm_only,concat_mlp,diversity,2836,gradnorm_only,gradnorm_only,1,0.0,0.0,TIE,,0.0,0.0,TIE,
amazon_cds,gradnorm_only,concat_mlp,diversity,3628,concat_mlp,gradnorm_only,0,0.0,0.0,TIE,,0.0,0.0,TIE,
amazon_cds,gradnorm_only,concat_mlp,diversity,7931,concat_mlp,gradnorm_only,0,0.43067655807339306,0.3333333333333333,gradnorm_only,0.0,1.0,1.0,TIE,
amazon_cds,gradnorm_only,concat_mlp,diversity,7089,gradnorm_only,gradnorm_only,1,0.0,0.0,TIE,,0.0,0.0,TIE,
amazon_cds,gradnorm_only,concat_mlp,diversity,5923,gradnorm_only,gradnorm_only,1,0.0,0.0,TIE,,0.0,0.0,TIE,
amazon_cds,gradnorm_only,concat_mlp,diversity,327,concat_mlp,gradnorm_only,0,0.3010299956639812,0.0,gradnorm_only,0.0,1.0,0.0,gradnorm_only,0.0
amazon_cds,gradnorm_only,concat_mlp,diversity,5610,concat_mlp,gradnorm_only,0,0.0,0.0,TIE,,0.0,0.0,TIE,
amazon_cds,gradnorm_only,concat_mlp,diversity,6869,concat_mlp,gradnorm_only,0,0.0,0.0,TIE,,0.0,0.0,TIE,
amazon_cds,gradnorm_only,concat_mlp,diversity,11615,concat_mlp,gradnorm_only,0,0.0,0.0,TIE,,0.0,0.0,TIE,
amazon_cds,gradnorm_only,concat_mlp,diversity,10156,gradnorm_only,gradnorm_only,1,0.0,0.0,TIE,,0.0,0.0,TIE,
amazon_cds,gradnorm_only,concat_mlp,diversity,12412,gradnorm_only,gradnorm_only,1,0.0,0.0,TIE,,0.0,0.0,TIE,
amazon_cds,gradnorm_only,concat_mlp,diversity,9564,concat_mlp,gradnorm_only,0,0.0,0.0,TIE,,0.0,0.0,TIE,
amazon_cds,gradnorm_only,concat_mlp,diversity,5010,gradnorm_only,gradnorm_only,1,0.0,0.0,TIE,,0.0,0.0,TIE,
amazon_cds,gradnorm_only,concat_mlp,novelty,965,gradnorm_only,gradnorm_only,1,0.0,0.0,TIE,,0.0,0.0,TIE,
amazon_cds,gradnorm_only,concat_mlp,novelty,906,gradnorm_only,gradnorm_only,1,0.0,0.3562071871080222,concat_mlp,0.0,0.0,1.0,concat_mlp,0.0
amazon_cds,gradnorm_only,concat_mlp,novelty,2105,concat_mlp,gradnorm_only,0,0.0,0.0,TIE,,0.0,0.0,TIE,
amazon_cds,gradnorm_only,concat_mlp,novelty,5338,concat_mlp,gradnorm_only,0,0.0,0.0,TIE,,0.0,0.0,TIE,
amazon_cds,gradnorm_only,concat_mlp,novelty,2562,concat_mlp,gradnorm_only,0,0.0,0.0,TIE,,0.0,0.0,TIE,
amazon_cds,gradnorm_only,concat_mlp,novelty,7089,gradnorm_only,gradnorm_only,1,0.0,0.0,TIE,,0.0,0.0,TIE,
amazon_cds,gradnorm_only,concat_mlp,novelty,12364,concat_mlp,gradnorm_only,0,0.0,0.0,TIE,,0.0,0.0,TIE,
amazon_cds,gradnorm_only,concat_mlp,novelty,3640,concat_mlp,gradnorm_only,0,0.0,0.0,TIE,,0.0,0.0,TIE,
amazon_cds,gradnorm_only,concat_mlp,novelty,6869,concat_mlp,gradnorm_only,0,0.0,0.0,TIE,,0.0,0.0,TIE,
amazon_cds,gradnorm_only,concat_mlp,novelty,3484,concat_mlp,gradnorm_only,0,0.0,0.0,TIE,,0.0,0.0,TIE,
amazon_cds,gradnorm_only,concat_mlp,novelty,15216,gradnorm_only,gradnorm_only,1,0.0,0.0,TIE,,0.0,0.0,TIE,
amazon_cds,gradnorm_only,concat_mlp,novelty,11615,concat_mlp,gradnorm_only,0,0.0,0.0,TIE,,0.0,0.0,TIE,
amazon_cds,gradnorm_only,concat_mlp,novelty,10156,gradnorm_only,gradnorm_only,1,0.0,0.0,TIE,,0.0,0.0,TIE,
amazon_cds,gradnorm_only,concat_mlp,novelty,12412,gradnorm_only,gradnorm_only,1,0.0,0.0,TIE,,0.0,0.0,TIE,
amazon_cds,gradnorm_only,concat_mlp,novelty,8093,gradnorm_only,gradnorm_only,1,0.0,0.0,TIE,,0.0,0.0,TIE,
amazon_cds,gradnorm_only,concat_mlp,novelty,9564,concat_mlp,gradnorm_only,0,0.0,0.0,TIE,,0.0,0.0,TIE,
amazon_cds,gradnorm_only,concat_mlp,novelty,2080,concat_mlp,gradnorm_only,0,0.0,0.0,TIE,,0.0,0.0,TIE,
amazon_cds,gradnorm_only,concat_mlp,novelty,4439,concat_mlp,gradnorm_only,0,0.0,0.0,TIE,,0.0,0.0,TIE,
amazon_cds,gradnorm_only,concat_mlp,novelty,11879,gradnorm_only,gradnorm_only,1,0.0,0.0,TIE,,0.0,0.0,TIE,
amazon_cds,gradnorm_only,concat_mlp,novelty,489,concat_mlp,gradnorm_only,0,0.0,0.0,TIE,,0.0,0.0,TIE,
amazon_cds,gradnorm_only,concat_mlp,novelty,9123,concat_mlp,gradnorm_only,0,0.0,0.0,TIE,,0.0,0.0,TIE,
amazon_cds,gradnorm_only,concat_mlp,relevance,14321,gradnorm_only,gradnorm_only,1,0.0,0.0,TIE,,0.0,0.0,TIE,
amazon_cds,gradnorm_only,concat_mlp,relevance,906,gradnorm_only,gradnorm_only,1,0.0,0.3562071871080222,concat_mlp,0.0,0.0,1.0,concat_mlp,0.0
amazon_cds,gradnorm_only,concat_mlp,relevance,10856,gradnorm_only,gradnorm_only,1,0.0,0.0,TIE,,0.0,0.0,TIE,
amazon_cds,gradnorm_only,concat_mlp,relevance,3628,gradnorm_only,gradnorm_only,1,0.0,0.0,TIE,,0.0,0.0,TIE,
amazon_cds,gradnorm_only,concat_mlp,relevance,13540,gradnorm_only,gradnorm_only,1,0.0,0.0,TIE,,0.0,0.0,TIE,
amazon_cds,gradnorm_only,concat_mlp,relevance,8860,concat_mlp,gradnorm_only,0,0.0,0.0,TIE,,0.0,0.0,TIE,
amazon_cds,gradnorm_only,concat_mlp,relevance,15216,gradnorm_only,gradnorm_only,1,0.0,0.0,TIE,,0.0,0.0,TIE,
amazon_cds,gradnorm_only,concat_mlp,relevance,4439,gradnorm_only,gradnorm_only,1,0.0,0.0,TIE,,0.0,0.0,TIE,
amazon_cds,gradnorm_only,concat_mlp,relevance,11879,gradnorm_only,gradnorm_only,1,0.0,0.0,TIE,,0.0,0.0,TIE,
amazon_cds,gradnorm_only,concat_mlp,relevance,10328,concat_mlp,gradnorm_only,0,0.0,0.0,TIE,,0.0,0.0,TIE,
amazon_cds,lightgcn_only,fixed,balanced,14321,lightgcn_only,lightgcn_only,1,0.0,0.0,TIE,,0.0,0.0,TIE,
amazon_cds,lightgcn_only,fixed,balanced,13752,fixed,lightgcn_only,0,0.0,0.0,TIE,,0.0,0.0,TIE,
amazon_cds,lightgcn_only,fixed,balanced,13209,lightgcn_only,lightgcn_only,1,0.0,0.0,TIE,,0.0,0.0,TIE,
amazon_cds,lightgcn_only,fixed,balanced,5338,fixed,lightgcn_only,0,0.0,0.6309297535714575,fixed,1.0,0.0,1.0,fixed,1.0
amazon_cds,lightgcn_only,fixed,balanced,2562,lightgcn_only,lightgcn_only,1,0.0,0.0,TIE,,0.0,0.0,TIE,
amazon_cds,lightgcn_only,fixed,balanced,7931,lightgcn_only,lightgcn_only,1,0.0,0.0,TIE,,0.0,0.0,TIE,
amazon_cds,lightgcn_only,fixed,balanced,3169,lightgcn_only,lightgcn_only,1,0.0,0.0,TIE,,0.0,0.0,TIE,
amazon_cds,lightgcn_only,fixed,balanced,4598,fixed,lightgcn_only,0,0.0,1.0,fixed,1.0,0.0,1.0,fixed,1.0
amazon_cds,lightgcn_only,fixed,balanced,6869,fixed,lightgcn_only,0,0.0,0.0,TIE,,0.0,0.0,TIE,
amazon_cds,lightgcn_only,fixed,balanced,15216,fixed,lightgcn_only,0,0.0,0.0,TIE,,0.0,0.0,TIE,
amazon_cds,lightgcn_only,fixed,balanced,11615,lightgcn_only,lightgcn_only,1,0.0,0.0,TIE,,0.0,0.0,TIE,
amazon_cds,lightgcn_only,fixed,diversity,14125,fixed,lightgcn_only,0,0.0,0.0,TIE,,0.0,0.0,TIE,
amazon_cds,lightgcn_only,fixed,diversity,13209,lightgcn_only,lightgcn_only,1,0.0,0.0,TIE,,0.0,0.0,TIE,
amazon_cds,lightgcn_only,fixed,diversity,5338,lightgcn_only,lightgcn_only,1,0.0,0.6309297535714575,fixed,0.0,0.0,1.0,fixed,0.0
amazon_cds,lightgcn_only,fixed,diversity,2836,fixed,lightgcn_only,0,0.0,0.0,TIE,,0.0,0.0,TIE,
amazon_cds,lightgcn_only,fixed,diversity,3628,lightgcn_only,lightgcn_only,1,0.0,0.0,TIE,,0.0,0.0,TIE,
amazon_cds,lightgcn_only,fixed,diversity,2562,lightgcn_only,lightgcn_only,1,0.0,0.0,TIE,,0.0,0.0,TIE,
amazon_cds,lightgcn_only,fixed,diversity,7931,lightgcn_only,lightgcn_only,1,0.0,0.0,TIE,,0.0,0.0,TIE,
amazon_cds,lightgcn_only,fixed,diversity,4645,lightgcn_only,lightgcn_only,1,0.0,0.0,TIE,,0.0,0.0,TIE,
amazon_cds,lightgcn_only,fixed,diversity,5923,lightgcn_only,lightgcn_only,1,0.0,0.0,TIE,,0.0,0.0,TIE,
amazon_cds,lightgcn_only,fixed,diversity,3640,lightgcn_only,lightgcn_only,1,0.0,0.0,TIE,,0.0,0.0,TIE,
amazon_cds,lightgcn_only,fixed,diversity,830,lightgcn_only,lightgcn_only,1,0.0,0.0,TIE,,0.0,0.0,TIE,
amazon_cds,lightgcn_only,fixed,diversity,1726,lightgcn_only,lightgcn_only,1,0.0,0.0,TIE,,0.0,0.0,TIE,
amazon_cds,lightgcn_only,fixed,diversity,6869,fixed,lightgcn_only,0,0.0,0.0,TIE,,0.0,0.0,TIE,
amazon_cds,lightgcn_only,fixed,diversity,15216,fixed,lightgcn_only,0,0.0,0.0,TIE,,0.0,0.0,TIE,
amazon_cds,lightgcn_only,fixed,diversity,10156,fixed,lightgcn_only,0,0.0,0.0,TIE,,0.0,0.0,TIE,
amazon_cds,lightgcn_only,fixed,diversity,4882,fixed,lightgcn_only,0,0.0,0.0,TIE,,0.0,0.0,TIE,
amazon_cds,lightgcn_only,fixed,diversity,9564,fixed,lightgcn_only,0,0.0,0.0,TIE,,0.0,0.0,TIE,
amazon_cds,lightgcn_only,fixed,diversity,5010,fixed,lightgcn_only,0,0.0,0.0,TIE,,0.0,0.0,TIE,
amazon_cds,lightgcn_only,fixed,diversity,9123,lightgcn_only,lightgcn_only,1,0.0,0.0,TIE,,0.0,0.0,TIE,
amazon_cds,lightgcn_only,fixed,novelty,13752,fixed,lightgcn_only,0,0.0,0.0,TIE,,0.0,0.0,TIE,
amazon_cds,lightgcn_only,fixed,novelty,965,fixed,lightgcn_only,0,0.0,0.0,TIE,,0.0,0.0,TIE,
amazon_cds,lightgcn_only,fixed,novelty,906,fixed,lightgcn_only,0,0.0,0.0,TIE,,0.0,0.0,TIE,
amazon_cds,lightgcn_only,fixed,novelty,14125,fixed,lightgcn_only,0,0.0,0.0,TIE,,0.0,0.0,TIE,
amazon_cds,lightgcn_only,fixed,novelty,13209,lightgcn_only,lightgcn_only,1,0.0,0.0,TIE,,0.0,0.0,TIE,
amazon_cds,lightgcn_only,fixed,novelty,5338,fixed,lightgcn_only,0,0.0,0.6309297535714575,fixed,1.0,0.0,1.0,fixed,1.0
amazon_cds,lightgcn_only,fixed,novelty,15509,fixed,lightgcn_only,0,0.0,0.0,TIE,,0.0,0.0,TIE,
amazon_cds,lightgcn_only,fixed,novelty,2562,lightgcn_only,lightgcn_only,1,0.0,0.0,TIE,,0.0,0.0,TIE,
amazon_cds,lightgcn_only,fixed,novelty,4645,fixed,lightgcn_only,0,0.0,0.0,TIE,,0.0,0.0,TIE,
amazon_cds,lightgcn_only,fixed,novelty,12364,lightgcn_only,lightgcn_only,1,0.38685280723454163,0.0,lightgcn_only,1.0,1.0,0.0,lightgcn_only,1.0
amazon_cds,lightgcn_only,fixed,novelty,5923,lightgcn_only,lightgcn_only,1,0.0,0.0,TIE,,0.0,0.0,TIE,
amazon_cds,lightgcn_only,fixed,novelty,3640,lightgcn_only,lightgcn_only,1,0.0,0.0,TIE,,0.0,0.0,TIE,
amazon_cds,lightgcn_only,fixed,novelty,6005,fixed,lightgcn_only,0,0.38685280723454163,0.0,lightgcn_only,0.0,1.0,0.0,lightgcn_only,0.0
amazon_cds,lightgcn_only,fixed,novelty,3169,lightgcn_only,lightgcn_only,1,0.0,0.0,TIE,,0.0,0.0,TIE,
amazon_cds,lightgcn_only,fixed,novelty,1726,lightgcn_only,lightgcn_only,1,0.0,0.0,TIE,,0.0,0.0,TIE,
amazon_cds,lightgcn_only,fixed,novelty,15216,fixed,lightgcn_only,0,0.0,0.0,TIE,,0.0,0.0,TIE,
amazon_cds,lightgcn_only,fixed,novelty,11615,lightgcn_only,lightgcn_only,1,0.0,0.0,TIE,,0.0,0.0,TIE,
amazon_cds,lightgcn_only,fixed,novelty,10156,fixed,lightgcn_only,0,0.0,0.0,TIE,,0.0,0.0,TIE,
amazon_cds,lightgcn_only,fixed,novelty,4882,fixed,lightgcn_only,0,0.0,0.0,TIE,,0.0,0.0,TIE,
amazon_cds,lightgcn_only,fixed,novelty,2080,fixed,lightgcn_only,0,0.0,0.0,TIE,,0.0,0.0,TIE,
amazon_cds,lightgcn_only,fixed,novelty,5010,fixed,lightgcn_only,0,0.0,0.0,TIE,,0.0,0.0,TIE,
amazon_cds,lightgcn_only,fixed,novelty,9145,lightgcn_only,lightgcn_only,1,0.0,0.0,TIE,,0.0,0.0,TIE,
amazon_cds,lightgcn_only,fixed,novelty,11879,fixed,lightgcn_only,0,0.0,0.0,TIE,,0.0,0.0,TIE,
amazon_cds,lightgcn_only,fixed,relevance,13315,lightgcn_only,lightgcn_only,1,0.0,0.0,TIE,,0.0,0.0,TIE,
amazon_cds,lightgcn_only,fixed,relevance,13752,fixed,lightgcn_only,0,0.0,0.0,TIE,,0.0,0.0,TIE,
amazon_cds,lightgcn_only,fixed,relevance,965,fixed,lightgcn_only,0,0.0,0.0,TIE,,0.0,0.0,TIE,
amazon_cds,lightgcn_only,fixed,relevance,906,lightgcn_only,lightgcn_only,1,0.0,0.0,TIE,,0.0,0.0,TIE,
amazon_cds,lightgcn_only,fixed,relevance,14125,fixed,lightgcn_only,0,0.0,0.0,TIE,,0.0,0.0,TIE,
amazon_cds,lightgcn_only,fixed,relevance,15509,lightgcn_only,lightgcn_only,1,0.0,0.0,TIE,,0.0,0.0,TIE,
amazon_cds,lightgcn_only,fixed,relevance,3628,fixed,lightgcn_only,0,0.0,0.0,TIE,,0.0,0.0,TIE,
amazon_cds,lightgcn_only,fixed,relevance,13540,fixed,lightgcn_only,0,0.0,0.0,TIE,,0.0,0.0,TIE,
amazon_cds,lightgcn_only,fixed,relevance,7089,fixed,lightgcn_only,0,0.0,0.0,TIE,,0.0,0.0,TIE,
amazon_cds,lightgcn_only,fixed,relevance,4645,fixed,lightgcn_only,0,0.0,0.0,TIE,,0.0,0.0,TIE,
amazon_cds,lightgcn_only,fixed,relevance,3169,lightgcn_only,lightgcn_only,1,0.0,0.0,TIE,,0.0,0.0,TIE,
amazon_cds,lightgcn_only,fixed,relevance,327,fixed,lightgcn_only,0,0.0,0.0,TIE,,0.0,0.0,TIE,
amazon_cds,lightgcn_only,fixed,relevance,4598,fixed,lightgcn_only,0,0.0,1.0,fixed,1.0,0.0,1.0,fixed,1.0
amazon_cds,lightgcn_only,fixed,relevance,6869,fixed,lightgcn_only,0,0.0,0.0,TIE,,0.0,0.0,TIE,
amazon_cds,lightgcn_only,fixed,relevance,11879,fixed,lightgcn_only,0,0.0,0.0,TIE,,0.0,0.0,TIE,
mind,gbaf,fixed,balanced,35942,gbaf,gbaf,1,0.0,0.0,TIE,,0.0,0.0,TIE,
mind,gbaf,fixed,balanced,42800,gbaf,gbaf,1,0.0,0.0,TIE,,0.0,0.0,TIE,
mind,gbaf,fixed,balanced,10550,gbaf,gbaf,1,0.0,0.0,TIE,,0.0,0.0,TIE,
mind,gbaf,fixed,balanced,9150,gbaf,gbaf,1,0.0,0.0,TIE,,0.0,0.0,TIE,
mind,gbaf,fixed,balanced,7340,gbaf,gbaf,1,0.0,0.43067655807339306,fixed,0.0,0.0,1.0,fixed,0.0
mind,gbaf,fixed,balanced,23498,gbaf,gbaf,1,0.0,0.0,TIE,,0.0,0.0,TIE,
mind,gbaf,fixed,diversity,7434,gbaf,gbaf,1,0.0,0.0,TIE,,0.0,0.0,TIE,
mind,gbaf,fixed,diversity,29787,gbaf,gbaf,1,0.0,0.0,TIE,,0.0,0.0,TIE,
mind,gbaf,fixed,diversity,35942,gbaf,gbaf,1,0.0,0.0,TIE,,0.0,0.0,TIE,
mind,gbaf,fixed,diversity,34889,fixed,gbaf,0,0.0,0.0,TIE,,0.0,0.0,TIE,
mind,gbaf,fixed,diversity,23071,gbaf,gbaf,1,0.0,0.0,TIE,,0.0,0.0,TIE,
mind,gbaf,fixed,diversity,10550,fixed,gbaf,0,0.0,0.0,TIE,,0.0,0.0,TIE,
mind,gbaf,fixed,diversity,1788,gbaf,gbaf,1,0.0,0.0,TIE,,0.0,0.0,TIE,
mind,gbaf,fixed,diversity,9150,gbaf,gbaf,1,0.0,0.0,TIE,,0.0,0.0,TIE,
mind,gbaf,fixed,diversity,2433,gbaf,gbaf,1,0.0,0.0,TIE,,0.0,0.0,TIE,
mind,gbaf,fixed,diversity,19543,fixed,gbaf,0,0.0,0.0,TIE,,0.0,0.0,TIE,
mind,gbaf,fixed,diversity,23498,gbaf,gbaf,1,0.0,0.0,TIE,,0.0,0.0,TIE,
mind,gbaf,fixed,diversity,28263,gbaf,gbaf,1,0.43067655807339306,0.0,gbaf,1.0,1.0,0.0,gbaf,1.0
mind,gbaf,fixed,diversity,47453,fixed,gbaf,0,0.0,0.0,TIE,,0.0,0.0,TIE,
mind,gbaf,fixed,novelty,7434,gbaf,gbaf,1,0.0,0.0,TIE,,0.0,0.0,TIE,
mind,gbaf,fixed,novelty,29787,fixed,gbaf,0,0.0,0.0,TIE,,0.0,0.0,TIE,
mind,gbaf,fixed,novelty,5744,gbaf,gbaf,1,0.0,0.0,TIE,,0.0,0.0,TIE,
mind,gbaf,fixed,novelty,28130,gbaf,gbaf,1,0.0,0.0,TIE,,0.0,0.0,TIE,
mind,gbaf,fixed,novelty,40271,fixed,gbaf,0,0.0,0.0,TIE,,0.0,0.0,TIE,
mind,gbaf,fixed,novelty,11108,fixed,gbaf,0,0.6309297535714575,0.0,gbaf,0.0,1.0,0.0,gbaf,0.0
mind,gbaf,fixed,novelty,36267,fixed,gbaf,0,0.0,0.0,TIE,,0.0,0.0,TIE,
mind,gbaf,fixed,novelty,34889,fixed,gbaf,0,0.0,0.0,TIE,,0.0,0.0,TIE,
mind,gbaf,fixed,novelty,23071,gbaf,gbaf,1,0.0,0.0,TIE,,0.0,0.0,TIE,
mind,gbaf,fixed,novelty,10550,fixed,gbaf,0,0.0,0.0,TIE,,0.0,0.0,TIE,
mind,gbaf,fixed,novelty,11583,gbaf,gbaf,1,0.0,0.0,TIE,,0.0,0.0,TIE,
mind,gbaf,fixed,novelty,1788,gbaf,gbaf,1,0.0,0.0,TIE,,0.0,0.0,TIE,
mind,gbaf,fixed,novelty,9150,gbaf,gbaf,1,0.0,0.0,TIE,,0.0,0.0,TIE,
mind,gbaf,fixed,novelty,19543,gbaf,gbaf,1,0.0,0.0,TIE,,0.0,0.0,TIE,
mind,gbaf,fixed,novelty,38081,fixed,gbaf,0,0.0,0.0,TIE,,0.0,0.0,TIE,
mind,gbaf,fixed,novelty,36746,fixed,gbaf,0,0.0,0.0,TIE,,0.0,0.0,TIE,
mind,gbaf,fixed,novelty,38547,fixed,gbaf,0,0.0,0.0,TIE,,0.0,0.0,TIE,
mind,gbaf,fixed,novelty,49103,gbaf,gbaf,1,0.0,0.2890648263178879,fixed,0.0,0.0,1.0,fixed,0.0
mind,gbaf,fixed,novelty,47365,fixed,gbaf,0,0.0,0.0,TIE,,0.0,0.0,TIE,
mind,gbaf,fixed,novelty,28263,gbaf,gbaf,1,0.43067655807339306,0.0,gbaf,1.0,1.0,0.0,gbaf,1.0
mind,gbaf,fixed,novelty,32336,gbaf,gbaf,1,0.0,0.0,TIE,,0.0,0.0,TIE,
mind,gbaf,fixed,novelty,47760,gbaf,gbaf,1,0.0,0.0,TIE,,0.0,0.0,TIE,
mind,gbaf,fixed,novelty,13130,gbaf,gbaf,1,0.0,0.0,TIE,,0.0,0.0,TIE,
mind,gbaf,fixed,novelty,47453,fixed,gbaf,0,0.0,0.0,TIE,,0.0,0.0,TIE,
mind,gbaf,fixed,relevance,29787,gbaf,gbaf,1,0.0,0.0,TIE,,0.0,0.0,TIE,
mind,gbaf,fixed,relevance,34804,gbaf,gbaf,1,0.0,0.0,TIE,,0.0,0.0,TIE,
mind,gbaf,fixed,relevance,42678,gbaf,gbaf,1,0.0,0.0,TIE,,0.0,0.0,TIE,
mind,gbaf,fixed,relevance,10550,gbaf,gbaf,1,0.0,0.0,TIE,,0.0,0.0,TIE,
mind,gbaf,fixed,relevance,13700,fixed,gbaf,0,0.0,0.0,TIE,,0.0,0.0,TIE,
mind,gbaf,fixed,relevance,38081,fixed,gbaf,0,0.0,0.0,TIE,,0.0,0.0,TIE,
mind,gbaf,fixed,relevance,21367,fixed,gbaf,0,0.0,0.0,TIE,,0.0,0.0,TIE,
mind,gbaf,fixed,relevance,38547,gbaf,gbaf,1,0.0,0.0,TIE,,0.0,0.0,TIE,
mind,gbaf,fixed,relevance,47365,gbaf,gbaf,1,0.0,0.0,TIE,,0.0,0.0,TIE,
mind,gbaf,fixed,relevance,8882,gbaf,gbaf,1,0.0,0.0,TIE,,0.0,0.0,TIE,
mind,gbaf,fixed,relevance,16461,gbaf,gbaf,1,0.0,0.0,TIE,,0.0,0.0,TIE,
mind,gbaf,fixed,relevance,13130,gbaf,gbaf,1,0.0,0.0,TIE,,0.0,0.0,TIE,
mind,gbaf,fixed,relevance,47453,gbaf,gbaf,1,0.0,0.0,TIE,,0.0,0.0,TIE,
mind,gbaf,gradnorm_only,balanced,35942,gbaf,gbaf,1,0.0,0.0,TIE,,0.0,0.0,TIE,
mind,gbaf,gradnorm_only,balanced,40271,gradnorm_only,gbaf,0,0.0,0.0,TIE,,0.0,0.0,TIE,
mind,gbaf,gradnorm_only,balanced,38547,gbaf,gbaf,1,0.0,0.0,TIE,,0.0,0.0,TIE,
mind,gbaf,gradnorm_only,diversity,7434,gbaf,gbaf,1,0.0,0.0,TIE,,0.0,0.0,TIE,
mind,gbaf,gradnorm_only,diversity,40271,gradnorm_only,gbaf,0,0.0,0.0,TIE,,0.0,0.0,TIE,
mind,gbaf,gradnorm_only,diversity,34889,gbaf,gbaf,1,0.0,0.0,TIE,,0.0,0.0,TIE,
mind,gbaf,gradnorm_only,diversity,1788,gbaf,gbaf,1,0.0,0.0,TIE,,0.0,0.0,TIE,
mind,gbaf,gradnorm_only,diversity,6098,gradnorm_only,gbaf,0,0.0,0.0,TIE,,0.0,0.0,TIE,
mind,gbaf,gradnorm_only,diversity,28272,gbaf,gbaf,1,0.0,0.0,TIE,,0.0,0.0,TIE,
mind,gbaf,gradnorm_only,diversity,36746,gbaf,gbaf,1,0.0,0.0,TIE,,0.0,0.0,TIE,
mind,gbaf,gradnorm_only,diversity,13130,gradnorm_only,gbaf,0,0.0,0.0,TIE,,0.0,0.0,TIE,
mind,gbaf,gradnorm_only,diversity,661,gbaf,gbaf,1,0.0,0.0,TIE,,0.0,0.0,TIE,
mind,gbaf,gradnorm_only,diversity,47453,gradnorm_only,gbaf,0,0.0,0.0,TIE,,0.0,0.0,TIE,
mind,gbaf,gradnorm_only,novelty,7434,gbaf,gbaf,1,0.0,0.0,TIE,,0.0,0.0,TIE,
mind,gbaf,gradnorm_only,novelty,34804,gbaf,gbaf,1,0.0,0.0,TIE,,0.0,0.0,TIE,
mind,gbaf,gradnorm_only,novelty,40271,gradnorm_only,gbaf,0,0.0,0.0,TIE,,0.0,0.0,TIE,
mind,gbaf,gradnorm_only,novelty,34889,gbaf,gbaf,1,0.0,0.0,TIE,,0.0,0.0,TIE,
mind,gbaf,gradnorm_only,novelty,11583,gbaf,gbaf,1,0.0,0.0,TIE,,0.0,0.0,TIE,
mind,gbaf,gradnorm_only,novelty,1788,gbaf,gbaf,1,0.0,0.0,TIE,,0.0,0.0,TIE,
mind,gbaf,gradnorm_only,novelty,6098,gradnorm_only,gbaf,0,0.0,0.0,TIE,,0.0,0.0,TIE,
mind,gbaf,gradnorm_only,novelty,28272,gbaf,gbaf,1,0.0,0.0,TIE,,0.0,0.0,TIE,
mind,gbaf,gradnorm_only,novelty,36746,gbaf,gbaf,1,0.0,0.0,TIE,,0.0,0.0,TIE,
mind,gbaf,gradnorm_only,novelty,28263,gbaf,gbaf,1,0.43067655807339306,0.0,gbaf,1.0,1.0,0.0,gbaf,1.0
mind,gbaf,gradnorm_only,novelty,16461,gbaf,gbaf,1,0.0,0.0,TIE,,0.0,0.0,TIE,
mind,gbaf,gradnorm_only,novelty,13130,gradnorm_only,gbaf,0,0.0,0.0,TIE,,0.0,0.0,TIE,
mind,gbaf,gradnorm_only,novelty,661,gbaf,gbaf,1,0.0,0.0,TIE,,0.0,0.0,TIE,
mind,gbaf,gradnorm_only,novelty,47453,gradnorm_only,gbaf,0,0.0,0.0,TIE,,0.0,0.0,TIE,
mind,gbaf,gradnorm_only,relevance,7434,gbaf,gbaf,1,0.0,0.0,TIE,,0.0,0.0,TIE,
mind,gbaf,gradnorm_only,relevance,23211,gradnorm_only,gbaf,0,0.0,0.0,TIE,,0.0,0.0,TIE,
mind,gbaf,gradnorm_only,relevance,29787,gradnorm_only,gbaf,0,0.0,0.0,TIE,,0.0,0.0,TIE,
mind,gbaf,gradnorm_only,relevance,34804,gradnorm_only,gbaf,0,0.0,0.0,TIE,,0.0,0.0,TIE,
mind,gbaf,gradnorm_only,relevance,40271,gradnorm_only,gbaf,0,0.0,0.0,TIE,,0.0,0.0,TIE,
mind,gbaf,gradnorm_only,relevance,23498,gradnorm_only,gbaf,0,0.0,0.0,TIE,,0.0,0.0,TIE,
mind,gbaf,gradnorm_only,relevance,21367,gradnorm_only,gbaf,0,0.0,0.0,TIE,,0.0,0.0,TIE,
mind,gbaf,gradnorm_only,relevance,36746,gradnorm_only,gbaf,0,0.0,0.0,TIE,,0.0,0.0,TIE,
mind,gbaf,gradnorm_only,relevance,38547,gbaf,gbaf,1,0.0,0.0,TIE,,0.0,0.0,TIE,
mind,gbaf,gradnorm_only,relevance,47365,gradnorm_only,gbaf,0,0.0,0.0,TIE,,0.0,0.0,TIE,
mind,gbaf,gradnorm_only,relevance,47760,gradnorm_only,gbaf,0,0.0,0.0,TIE,,0.0,0.0,TIE,
mind,gbaf,gradnorm_only,relevance,29524,gradnorm_only,gbaf,0,0.0,0.0,TIE,,0.0,0.0,TIE,
mind,gbaf,gradnorm_only,relevance,47453,gradnorm_only,gbaf,0,0.0,0.0,TIE,,0.0,0.0,TIE,
mind,gbaf,gradnorm_only,relevance,5306,gbaf,gbaf,1,0.0,0.0,TIE,,0.0,0.0,TIE,
mind,gbaf,pcgrad,balanced,28130,gbaf,gbaf,1,0.0,0.0,TIE,,0.0,0.0,TIE,
mind,gbaf,pcgrad,balanced,10550,gbaf,gbaf,1,0.0,0.0,TIE,,0.0,0.0,TIE,
mind,gbaf,pcgrad,balanced,9150,gbaf,gbaf,1,0.0,0.0,TIE,,0.0,0.0,TIE,
mind,gbaf,pcgrad,balanced,7340,gbaf,gbaf,1,0.0,1.0,pcgrad,0.0,0.0,1.0,pcgrad,0.0
mind,gbaf,pcgrad,balanced,23498,pcgrad,gbaf,0,0.0,0.0,TIE,,0.0,0.0,TIE,
mind,gbaf,pcgrad,balanced,47365,gbaf,gbaf,1,0.0,0.0,TIE,,0.0,0.0,TIE,
mind,gbaf,pcgrad,balanced,8882,pcgrad,gbaf,0,0.0,0.0,TIE,,0.0,0.0,TIE,
mind,gbaf,pcgrad,diversity,7434,gbaf,gbaf,1,0.0,0.0,TIE,,0.0,0.0,TIE,
mind,gbaf,pcgrad,diversity,40271,pcgrad,gbaf,0,0.0,0.0,TIE,,0.0,0.0,TIE,
mind,gbaf,pcgrad,diversity,34889,gbaf,gbaf,1,0.0,0.0,TIE,,0.0,0.0,TIE,
mind,gbaf,pcgrad,diversity,10550,pcgrad,gbaf,0,0.0,0.0,TIE,,0.0,0.0,TIE,
mind,gbaf,pcgrad,diversity,1788,gbaf,gbaf,1,0.0,0.0,TIE,,0.0,0.0,TIE,
mind,gbaf,pcgrad,diversity,9150,gbaf,gbaf,1,0.0,0.0,TIE,,0.0,0.0,TIE,
mind,gbaf,pcgrad,diversity,1606,gbaf,gbaf,1,0.0,0.0,TIE,,0.0,0.0,TIE,
mind,gbaf,pcgrad,diversity,23498,gbaf,gbaf,1,0.0,0.0,TIE,,0.0,0.0,TIE,
mind,gbaf,pcgrad,diversity,28272,gbaf,gbaf,1,0.0,0.0,TIE,,0.0,0.0,TIE,
mind,gbaf,pcgrad,diversity,40745,pcgrad,gbaf,0,0.0,0.0,TIE,,0.0,0.0,TIE,
mind,gbaf,pcgrad,diversity,36746,pcgrad,gbaf,0,0.0,0.0,TIE,,0.0,0.0,TIE,
mind,gbaf,pcgrad,diversity,47365,gbaf,gbaf,1,0.0,0.0,TIE,,0.0,0.0,TIE,
mind,gbaf,pcgrad,diversity,29524,gbaf,gbaf,1,0.0,0.0,TIE,,0.0,0.0,TIE,
mind,gbaf,pcgrad,diversity,661,gbaf,gbaf,1,0.0,0.0,TIE,,0.0,0.0,TIE,
mind,gbaf,pcgrad,novelty,29787,pcgrad,gbaf,0,0.0,0.0,TIE,,0.0,0.0,TIE,
mind,gbaf,pcgrad,novelty,11108,gbaf,gbaf,1,0.6309297535714575,0.0,gbaf,1.0,1.0,0.0,gbaf,1.0
mind,gbaf,pcgrad,novelty,36267,pcgrad,gbaf,0,0.0,0.0,TIE,,0.0,0.0,TIE,
mind,gbaf,pcgrad,novelty,34889,gbaf,gbaf,1,0.0,0.0,TIE,,0.0,0.0,TIE,
mind,gbaf,pcgrad,novelty,10550,pcgrad,gbaf,0,0.0,0.0,TIE,,0.0,0.0,TIE,
mind,gbaf,pcgrad,novelty,35948,pcgrad,gbaf,0,0.0,0.0,TIE,,0.0,0.0,TIE,
mind,gbaf,pcgrad,novelty,11583,gbaf,gbaf,1,0.0,0.0,TIE,,0.0,0.0,TIE,
mind,gbaf,pcgrad,novelty,1788,gbaf,gbaf,1,0.0,0.0,TIE,,0.0,0.0,TIE,
mind,gbaf,pcgrad,novelty,9150,gbaf,gbaf,1,0.0,0.0,TIE,,0.0,0.0,TIE,
mind,gbaf,pcgrad,novelty,7340,gbaf,gbaf,1,0.0,1.0,pcgrad,0.0,0.0,1.0,pcgrad,0.0
mind,gbaf,pcgrad,novelty,25687,gbaf,gbaf,1,0.0,0.0,TIE,,0.0,0.0,TIE,
mind,gbaf,pcgrad,novelty,1606,gbaf,gbaf,1,0.0,0.0,TIE,,0.0,0.0,TIE,
mind,gbaf,pcgrad,novelty,23498,gbaf,gbaf,1,0.0,0.0,TIE,,0.0,0.0,TIE,
mind,gbaf,pcgrad,novelty,21367,pcgrad,gbaf,0,0.0,0.0,TIE,,0.0,0.0,TIE,
mind,gbaf,pcgrad,novelty,28272,gbaf,gbaf,1,0.0,0.0,TIE,,0.0,0.0,TIE,
mind,gbaf,pcgrad,novelty,36746,pcgrad,gbaf,0,0.0,0.0,TIE,,0.0,0.0,TIE,
mind,gbaf,pcgrad,novelty,47365,gbaf,gbaf,1,0.0,0.0,TIE,,0.0,0.0,TIE,
mind,gbaf,pcgrad,novelty,28263,pcgrad,gbaf,0,0.43067655807339306,0.0,gbaf,0.0,1.0,0.0,gbaf,0.0
mind,gbaf,pcgrad,novelty,32336,gbaf,gbaf,1,0.0,0.0,TIE,,0.0,0.0,TIE,
mind,gbaf,pcgrad,novelty,47760,gbaf,gbaf,1,0.0,0.0,TIE,,0.0,0.0,TIE,
mind,gbaf,pcgrad,novelty,16461,gbaf,gbaf,1,0.0,0.0,TIE,,0.0,0.0,TIE,
mind,gbaf,pcgrad,novelty,13130,gbaf,gbaf,1,0.0,0.0,TIE,,0.0,0.0,TIE,
mind,gbaf,pcgrad,novelty,661,gbaf,gbaf,1,0.0,0.0,TIE,,0.0,0.0,TIE,
mind,gbaf,pcgrad,novelty,45371,gbaf,gbaf,1,0.0,0.0,TIE,,0.0,0.0,TIE,
mind,gbaf,pcgrad,relevance,34804,gbaf,gbaf,1,0.0,0.0,TIE,,0.0,0.0,TIE,
mind,gbaf,pcgrad,relevance,11108,gbaf,gbaf,1,0.6309297535714575,0.0,gbaf,1.0,1.0,0.0,gbaf,1.0
mind,gbaf,pcgrad,relevance,10550,gbaf,gbaf,1,0.0,0.0,TIE,,0.0,0.0,TIE,
mind,gbaf,pcgrad,relevance,9150,gbaf,gbaf,1,0.0,0.0,TIE,,0.0,0.0,TIE,
mind,gbaf,pcgrad,relevance,13700,pcgrad,gbaf,0,0.0,0.0,TIE,,0.0,0.0,TIE,
mind,gbaf,pcgrad,relevance,1606,pcgrad,gbaf,0,0.0,0.0,TIE,,0.0,0.0,TIE,
mind,gbaf,pcgrad,relevance,21367,pcgrad,gbaf,0,0.0,0.0,TIE,,0.0,0.0,TIE,
mind,gbaf,pcgrad,relevance,28272,pcgrad,gbaf,0,0.0,0.0,TIE,,0.0,0.0,TIE,
mind,gbaf,pcgrad,relevance,36746,pcgrad,gbaf,0,0.0,0.0,TIE,,0.0,0.0,TIE,
mind,gbaf,pcgrad,relevance,29524,pcgrad,gbaf,0,0.0,0.0,TIE,,0.0,0.0,TIE,
mind,gbaf,pcgrad,relevance,45371,gbaf,gbaf,1,0.0,0.0,TIE,,0.0,0.0,TIE,
mind,lightgcn_only,fixed,balanced,5744,fixed,lightgcn_only,0,0.0,0.0,TIE,,0.0,0.0,TIE,
mind,lightgcn_only,fixed,balanced,28130,fixed,lightgcn_only,0,0.0,0.0,TIE,,0.0,0.0,TIE,
mind,lightgcn_only,fixed,balanced,40271,lightgcn_only,lightgcn_only,1,0.0,0.0,TIE,,0.0,0.0,TIE,
mind,lightgcn_only,fixed,balanced,10550,fixed,lightgcn_only,0,0.0,0.0,TIE,,0.0,0.0,TIE,
mind,lightgcn_only,fixed,balanced,11583,fixed,lightgcn_only,0,0.0,0.0,TIE,,0.0,0.0,TIE,
mind,lightgcn_only,fixed,balanced,13700,fixed,lightgcn_only,0,0.0,0.0,TIE,,0.0,0.0,TIE,
mind,lightgcn_only,fixed,balanced,38081,fixed,lightgcn_only,0,0.0,0.0,TIE,,0.0,0.0,TIE,
mind,lightgcn_only,fixed,balanced,28272,fixed,lightgcn_only,0,0.0,0.0,TIE,,0.0,0.0,TIE,
mind,lightgcn_only,fixed,balanced,40745,fixed,lightgcn_only,0,0.0,0.0,TIE,,0.0,0.0,TIE,
mind,lightgcn_only,fixed,balanced,36746,fixed,lightgcn_only,0,0.0,0.0,TIE,,0.0,0.0,TIE,
mind,lightgcn_only,fixed,balanced,28263,fixed,lightgcn_only,0,0.0,0.0,TIE,,0.0,0.0,TIE,
mind,lightgcn_only,fixed,diversity,29787,lightgcn_only,lightgcn_only,1,0.0,0.0,TIE,,0.0,0.0,TIE,
mind,lightgcn_only,fixed,diversity,35942,lightgcn_only,lightgcn_only,1,0.5,0.0,lightgcn_only,1.0,1.0,0.0,lightgcn_only,1.0
mind,lightgcn_only,fixed,diversity,42800,lightgcn_only,lightgcn_only,1,0.0,0.0,TIE,,0.0,0.0,TIE,
mind,lightgcn_only,fixed,diversity,36267,lightgcn_only,lightgcn_only,1,0.0,0.0,TIE,,0.0,0.0,TIE,
mind,lightgcn_only,fixed,diversity,15683,lightgcn_only,lightgcn_only,1,0.0,0.0,TIE,,0.0,0.0,TIE,
mind,lightgcn_only,fixed,diversity,13700,fixed,lightgcn_only,0,0.0,0.0,TIE,,0.0,0.0,TIE,
mind,lightgcn_only,fixed,diversity,6098,fixed,lightgcn_only,0,0.0,0.0,TIE,,0.0,0.0,TIE,
mind,lightgcn_only,fixed,diversity,38081,fixed,lightgcn_only,0,0.0,0.0,TIE,,0.0,0.0,TIE,
mind,lightgcn_only,fixed,diversity,28272,fixed,lightgcn_only,0,0.0,0.0,TIE,,0.0,0.0,TIE,
mind,lightgcn_only,fixed,diversity,49103,lightgcn_only,lightgcn_only,1,0.0,0.2890648263178879,fixed,0.0,0.0,1.0,fixed,0.0
mind,lightgcn_only,fixed,diversity,28263,fixed,lightgcn_only,0,0.0,0.0,TIE,,0.0,0.0,TIE,
mind,lightgcn_only,fixed,novelty,44378,lightgcn_only,lightgcn_only,1,0.0,0.0,TIE,,0.0,0.0,TIE,
mind,lightgcn_only,fixed,novelty,29787,fixed,lightgcn_only,0,0.0,0.0,TIE,,0.0,0.0,TIE,
mind,lightgcn_only,fixed,novelty,5744,lightgcn_only,lightgcn_only,1,0.0,0.0,TIE,,0.0,0.0,TIE,
mind,lightgcn_only,fixed,novelty,28130,fixed,lightgcn_only,0,0.0,0.0,TIE,,0.0,0.0,TIE,
mind,lightgcn_only,fixed,novelty,42678,fixed,lightgcn_only,0,0.0,0.0,TIE,,0.0,0.0,TIE,
mind,lightgcn_only,fixed,novelty,40271,fixed,lightgcn_only,0,0.0,0.0,TIE,,0.0,0.0,TIE,
mind,lightgcn_only,fixed,novelty,34889,fixed,lightgcn_only,0,0.0,0.0,TIE,,0.0,0.0,TIE,
mind,lightgcn_only,fixed,novelty,10550,lightgcn_only,lightgcn_only,1,0.0,0.0,TIE,,0.0,0.0,TIE,
mind,lightgcn_only,fixed,novelty,7340,fixed,lightgcn_only,0,0.6309297535714575,0.43067655807339306,lightgcn_only,0.0,1.0,1.0,TIE,
mind,lightgcn_only,fixed,novelty,23498,fixed,lightgcn_only,0,0.0,0.0,TIE,,0.0,0.0,TIE,
mind,lightgcn_only,fixed,novelty,21367,fixed,lightgcn_only,0,0.0,0.0,TIE,,0.0,0.0,TIE,
mind,lightgcn_only,fixed,novelty,28272,fixed,lightgcn_only,0,0.0,0.0,TIE,,0.0,0.0,TIE,
mind,lightgcn_only,fixed,novelty,40745,lightgcn_only,lightgcn_only,1,0.0,0.0,TIE,,0.0,0.0,TIE,
mind,lightgcn_only,fixed,novelty,38547,fixed,lightgcn_only,0,0.0,0.0,TIE,,0.0,0.0,TIE,
mind,lightgcn_only,fixed,novelty,28263,lightgcn_only,lightgcn_only,1,0.0,0.0,TIE,,0.0,0.0,TIE,
mind,lightgcn_only,fixed,novelty,8882,lightgcn_only,lightgcn_only,1,0.0,0.0,TIE,,0.0,0.0,TIE,
mind,lightgcn_only,fixed,novelty,16461,lightgcn_only,lightgcn_only,1,0.0,0.0,TIE,,0.0,0.0,TIE,
mind,lightgcn_only,fixed,relevance,5744,fixed,lightgcn_only,0,0.0,0.0,TIE,,0.0,0.0,TIE,
mind,lightgcn_only,fixed,relevance,11583,fixed,lightgcn_only,0,0.0,0.0,TIE,,0.0,0.0,TIE,
mind,lightgcn_only,fixed,relevance,9150,lightgcn_only,lightgcn_only,1,0.0,0.0,TIE,,0.0,0.0,TIE,
mind,lightgcn_only,fixed,relevance,13700,fixed,lightgcn_only,0,0.0,0.0,TIE,,0.0,0.0,TIE,
mind,lightgcn_only,fixed,relevance,6098,fixed,lightgcn_only,0,0.0,0.0,TIE,,0.0,0.0,TIE,
mind,lightgcn_only,fixed,relevance,38081,fixed,lightgcn_only,0,0.0,0.0,TIE,,0.0,0.0,TIE,
mind,lightgcn_only,fixed,relevance,40745,fixed,lightgcn_only,0,0.0,0.0,TIE,,0.0,0.0,TIE,
mind,lightgcn_only,fixed,relevance,38547,fixed,lightgcn_only,0,0.0,0.0,TIE,,0.0,0.0,TIE,
mind,lightgcn_only,fixed,relevance,47365,fixed,lightgcn_only,0,0.0,0.0,TIE,,0.0,0.0,TIE,
mind,lightgcn_only,fixed,relevance,28263,fixed,lightgcn_only,0,0.0,0.0,TIE,,0.0,0.0,TIE,
mind,lightgcn_only,fixed,relevance,8882,lightgcn_only,lightgcn_only,1,0.0,0.0,TIE,,0.0,0.0,TIE,
mind,lightgcn_only,fixed,relevance,29524,fixed,lightgcn_only,0,0.0,0.0,TIE,,0.0,0.0,TIE,
mind,lightgcn_only,fixed,relevance,47453,fixed,lightgcn_only,0,0.0,0.0,TIE,,0.0,0.0,TIE,
yelp,concat_mlp,gradnorm_only,balanced,47111,gradnorm_only,gradnorm_only,1,0.0,0.0,TIE,,0.0,0.0,TIE,
yelp,concat_mlp,gradnorm_only,balanced,362,gradnorm_only,gradnorm_only,1,0.0,0.0,TIE,,0.0,0.0,TIE,
yelp,concat_mlp,gradnorm_only,balanced,1779,gradnorm_only,gradnorm_only,1,0.0,0.0,TIE,,0.0,0.0,TIE,
yelp,concat_mlp,gradnorm_only,balanced,79676,concat_mlp,gradnorm_only,0,0.0,0.0,TIE,,0.0,0.0,TIE,
yelp,concat_mlp,gradnorm_only,balanced,58992,gradnorm_only,gradnorm_only,1,0.0,0.0,TIE,,0.0,0.0,TIE,
yelp,concat_mlp,gradnorm_only,balanced,66818,concat_mlp,gradnorm_only,0,0.0,0.0,TIE,,0.0,0.0,TIE,
yelp,concat_mlp,gradnorm_only,balanced,68812,gradnorm_only,gradnorm_only,1,0.10086747116627115,0.0,concat_mlp,0.0,0.16666666666666666,0.0,concat_mlp,0.0
yelp,concat_mlp,gradnorm_only,balanced,17415,concat_mlp,gradnorm_only,0,0.0,0.0,TIE,,0.0,0.0,TIE,
yelp,concat_mlp,gradnorm_only,balanced,45970,gradnorm_only,gradnorm_only,1,0.0979129253499678,0.0,concat_mlp,0.0,0.14285714285714285,0.0,concat_mlp,0.0
yelp,concat_mlp,gradnorm_only,balanced,9482,concat_mlp,gradnorm_only,0,0.0,0.0,TIE,,0.0,0.0,TIE,
yelp,concat_mlp,gradnorm_only,balanced,78002,gradnorm_only,gradnorm_only,1,0.0,0.0,TIE,,0.0,0.0,TIE,
yelp,concat_mlp,gradnorm_only,balanced,83363,concat_mlp,gradnorm_only,0,0.0,0.0,TIE,,0.0,0.0,TIE,
yelp,concat_mlp,gradnorm_only,balanced,88044,concat_mlp,gradnorm_only,0,0.0,0.0,TIE,,0.0,0.0,TIE,
yelp,concat_mlp,gradnorm_only,balanced,797,gradnorm_only,gradnorm_only,1,0.0,0.0,TIE,,0.0,0.0,TIE,
yelp,concat_mlp,gradnorm_only,balanced,23067,gradnorm_only,gradnorm_only,1,0.0,0.0,TIE,,0.0,0.0,TIE,
yelp,concat_mlp,gradnorm_only,balanced,94832,gradnorm_only,gradnorm_only,1,0.0,0.0,TIE,,0.0,0.0,TIE,
yelp,concat_mlp,gradnorm_only,balanced,88855,gradnorm_only,gradnorm_only,1,0.0,0.0,TIE,,0.0,0.0,TIE,
yelp,concat_mlp,gradnorm_only,balanced,97264,concat_mlp,gradnorm_only,0,0.0,0.0,TIE,,0.0,0.0,TIE,
yelp,concat_mlp,gradnorm_only,balanced,20211,gradnorm_only,gradnorm_only,1,0.0,0.0,TIE,,0.0,0.0,TIE,
yelp,concat_mlp,gradnorm_only,balanced,64669,concat_mlp,gradnorm_only,0,0.3562071871080222,0.0,concat_mlp,1.0,1.0,0.0,concat_mlp,1.0
yelp,concat_mlp,gradnorm_only,diversity,24594,concat_mlp,gradnorm_only,0,0.0,0.0,TIE,,0.0,0.0,TIE,
yelp,concat_mlp,gradnorm_only,diversity,18930,concat_mlp,gradnorm_only,0,0.0,0.0,TIE,,0.0,0.0,TIE,
yelp,concat_mlp,gradnorm_only,diversity,81116,gradnorm_only,gradnorm_only,1,0.0,0.0,TIE,,0.0,0.0,TIE,
yelp,concat_mlp,gradnorm_only,diversity,78602,gradnorm_only,gradnorm_only,1,0.0,0.0,TIE,,0.0,0.0,TIE,
yelp,concat_mlp,gradnorm_only,diversity,33987,gradnorm_only,gradnorm_only,1,0.0,0.0,TIE,,0.0,0.0,TIE,
yelp,concat_mlp,gradnorm_only,diversity,362,concat_mlp,gradnorm_only,0,0.0,0.0,TIE,,0.0,0.0,TIE,
yelp,concat_mlp,gradnorm_only,diversity,90313,concat_mlp,gradnorm_only,0,0.0,0.0,TIE,,0.0,0.0,TIE,
yelp,concat_mlp,gradnorm_only,diversity,1779,concat_mlp,gradnorm_only,0,0.0,0.0,TIE,,0.0,0.0,TIE,
yelp,concat_mlp,gradnorm_only,diversity,58992,gradnorm_only,gradnorm_only,1,0.0,0.0,TIE,,0.0,0.0,TIE,
yelp,concat_mlp,gradnorm_only,diversity,37335,concat_mlp,gradnorm_only,0,0.0,0.0,TIE,,0.0,0.0,TIE,
yelp,concat_mlp,gradnorm_only,diversity,66818,concat_mlp,gradnorm_only,0,0.0,0.0,TIE,,0.0,0.0,TIE,
yelp,concat_mlp,gradnorm_only,diversity,83855,concat_mlp,gradnorm_only,0,0.0,0.0,TIE,,0.0,0.0,TIE,
yelp,concat_mlp,gradnorm_only,diversity,17415,concat_mlp,gradnorm_only,0,0.0,0.0,TIE,,0.0,0.0,TIE,
yelp,concat_mlp,gradnorm_only,diversity,45970,concat_mlp,gradnorm_only,0,0.0979129253499678,0.0,concat_mlp,1.0,0.14285714285714285,0.0,concat_mlp,1.0
yelp,concat_mlp,gradnorm_only,diversity,13763,gradnorm_only,gradnorm_only,1,0.0,0.0,TIE,,0.0,0.0,TIE,
yelp,concat_mlp,gradnorm_only,diversity,78002,gradnorm_only,gradnorm_only,1,0.0,0.0,TIE,,0.0,0.0,TIE,
yelp,concat_mlp,gradnorm_only,diversity,47816,concat_mlp,gradnorm_only,0,0.0,0.0,TIE,,0.0,0.0,TIE,
yelp,concat_mlp,gradnorm_only,diversity,83363,concat_mlp,gradnorm_only,0,0.0,0.0,TIE,,0.0,0.0,TIE,
yelp,concat_mlp,gradnorm_only,diversity,61591,gradnorm_only,gradnorm_only,1,0.0,0.0,TIE,,0.0,0.0,TIE,
yelp,concat_mlp,gradnorm_only,diversity,51956,gradnorm_only,gradnorm_only,1,0.0,0.0,TIE,,0.0,0.0,TIE,
yelp,concat_mlp,gradnorm_only,diversity,34176,gradnorm_only,gradnorm_only,1,0.0,0.0,TIE,,0.0,0.0,TIE,
yelp,concat_mlp,gradnorm_only,diversity,88044,gradnorm_only,gradnorm_only,1,0.0,0.0,TIE,,0.0,0.0,TIE,
yelp,concat_mlp,gradnorm_only,diversity,797,concat_mlp,gradnorm_only,0,0.0,0.0,TIE,,0.0,0.0,TIE,
yelp,concat_mlp,gradnorm_only,diversity,23067,gradnorm_only,gradnorm_only,1,0.0,0.0,TIE,,0.0,0.0,TIE,
yelp,concat_mlp,gradnorm_only,diversity,94832,concat_mlp,gradnorm_only,0,0.0,0.0,TIE,,0.0,0.0,TIE,
yelp,concat_mlp,gradnorm_only,diversity,73732,concat_mlp,gradnorm_only,0,0.0,0.0,TIE,,0.0,0.0,TIE,
yelp,concat_mlp,gradnorm_only,diversity,97264,gradnorm_only,gradnorm_only,1,0.0,0.0,TIE,,0.0,0.0,TIE,
yelp,concat_mlp,gradnorm_only,diversity,20211,concat_mlp,gradnorm_only,0,0.0,0.0,TIE,,0.0,0.0,TIE,
yelp,concat_mlp,gradnorm_only,diversity,5457,concat_mlp,gradnorm_only,0,0.0,0.0,TIE,,0.0,0.0,TIE,
yelp,concat_mlp,gradnorm_only,novelty,24594,gradnorm_only,gradnorm_only,1,0.0,0.0,TIE,,0.0,0.0,TIE,
yelp,concat_mlp,gradnorm_only,novelty,78602,gradnorm_only,gradnorm_only,1,0.0,0.0,TIE,,0.0,0.0,TIE,
yelp,concat_mlp,gradnorm_only,novelty,33987,gradnorm_only,gradnorm_only,1,0.0,0.0,TIE,,0.0,0.0,TIE,
yelp,concat_mlp,gradnorm_only,novelty,362,concat_mlp,gradnorm_only,0,0.0,0.0,TIE,,0.0,0.0,TIE,
yelp,concat_mlp,gradnorm_only,novelty,92790,concat_mlp,gradnorm_only,0,0.0,0.0,TIE,,0.0,0.0,TIE,
yelp,concat_mlp,gradnorm_only,novelty,1779,concat_mlp,gradnorm_only,0,0.0,0.0,TIE,,0.0,0.0,TIE,
yelp,concat_mlp,gradnorm_only,novelty,79676,gradnorm_only,gradnorm_only,1,0.0,0.0,TIE,,0.0,0.0,TIE,
yelp,concat_mlp,gradnorm_only,novelty,58992,gradnorm_only,gradnorm_only,1,0.0,0.0,TIE,,0.0,0.0,TIE,
yelp,concat_mlp,gradnorm_only,novelty,37335,concat_mlp,gradnorm_only,0,0.0,0.0,TIE,,0.0,0.0,TIE,
yelp,concat_mlp,gradnorm_only,novelty,83855,concat_mlp,gradnorm_only,0,0.0,0.0,TIE,,0.0,0.0,TIE,
yelp,concat_mlp,gradnorm_only,novelty,68812,concat_mlp,gradnorm_only,0,0.10086747116627115,0.0,concat_mlp,1.0,0.16666666666666666,0.0,concat_mlp,1.0
yelp,concat_mlp,gradnorm_only,novelty,17415,gradnorm_only,gradnorm_only,1,0.0,0.0,TIE,,0.0,0.0,TIE,
yelp,concat_mlp,gradnorm_only,novelty,45970,concat_mlp,gradnorm_only,0,0.0979129253499678,0.0,concat_mlp,1.0,0.14285714285714285,0.0,concat_mlp,1.0
yelp,concat_mlp,gradnorm_only,novelty,13763,concat_mlp,gradnorm_only,0,0.0,0.0,TIE,,0.0,0.0,TIE,
yelp,concat_mlp,gradnorm_only,novelty,15173,concat_mlp,gradnorm_only,0,0.0,0.0,TIE,,0.0,0.0,TIE,
yelp,concat_mlp,gradnorm_only,novelty,78002,gradnorm_only,gradnorm_only,1,0.0,0.0,TIE,,0.0,0.0,TIE,
yelp,concat_mlp,gradnorm_only,novelty,47816,concat_mlp,gradnorm_only,0,0.0,0.0,TIE,,0.0,0.0,TIE,
yelp,concat_mlp,gradnorm_only,novelty,83363,concat_mlp,gradnorm_only,0,0.0,0.0,TIE,,0.0,0.0,TIE,
yelp,concat_mlp,gradnorm_only,novelty,61591,gradnorm_only,gradnorm_only,1,0.0,0.0,TIE,,0.0,0.0,TIE,
yelp,concat_mlp,gradnorm_only,novelty,51956,gradnorm_only,gradnorm_only,1,0.0,0.0,TIE,,0.0,0.0,TIE,
yelp,concat_mlp,gradnorm_only,novelty,34176,gradnorm_only,gradnorm_only,1,0.0,0.0,TIE,,0.0,0.0,TIE,
yelp,concat_mlp,gradnorm_only,novelty,88044,gradnorm_only,gradnorm_only,1,0.0,0.0,TIE,,0.0,0.0,TIE,
yelp,concat_mlp,gradnorm_only,novelty,797,concat_mlp,gradnorm_only,0,0.0,0.0,TIE,,0.0,0.0,TIE,
yelp,concat_mlp,gradnorm_only,novelty,23067,gradnorm_only,gradnorm_only,1,0.0,0.0,TIE,,0.0,0.0,TIE,
yelp,concat_mlp,gradnorm_only,novelty,4565,gradnorm_only,gradnorm_only,1,0.0,0.0,TIE,,0.0,0.0,TIE,
yelp,concat_mlp,gradnorm_only,novelty,92688,concat_mlp,gradnorm_only,0,0.0,0.0,TIE,,0.0,0.0,TIE,
yelp,concat_mlp,gradnorm_only,novelty,88855,concat_mlp,gradnorm_only,0,0.0,0.0,TIE,,0.0,0.0,TIE,
yelp,concat_mlp,gradnorm_only,novelty,73732,concat_mlp,gradnorm_only,0,0.0,0.0,TIE,,0.0,0.0,TIE,
yelp,concat_mlp,gradnorm_only,novelty,64669,concat_mlp,gradnorm_only,0,0.3562071871080222,0.0,concat_mlp,1.0,1.0,0.0,concat_mlp,1.0
yelp,concat_mlp,gradnorm_only,novelty,5457,concat_mlp,gradnorm_only,0,0.0,0.0,TIE,,0.0,0.0,TIE,
yelp,concat_mlp,gradnorm_only,novelty,74193,gradnorm_only,gradnorm_only,1,0.0,0.15642624200758548,gradnorm_only,1.0,0.0,0.3333333333333333,gradnorm_only,1.0
yelp,concat_mlp,gradnorm_only,relevance,18930,gradnorm_only,gradnorm_only,1,0.0,0.0,TIE,,0.0,0.0,TIE,
yelp,concat_mlp,gradnorm_only,relevance,78602,concat_mlp,gradnorm_only,0,0.0,0.0,TIE,,0.0,0.0,TIE,
yelp,concat_mlp,gradnorm_only,relevance,362,gradnorm_only,gradnorm_only,1,0.0,0.0,TIE,,0.0,0.0,TIE,
yelp,concat_mlp,gradnorm_only,relevance,90313,gradnorm_only,gradnorm_only,1,0.0,0.0,TIE,,0.0,0.0,TIE,
yelp,concat_mlp,gradnorm_only,relevance,46092,concat_mlp,gradnorm_only,0,0.0,0.0,TIE,,0.0,0.0,TIE,
yelp,concat_mlp,gradnorm_only,relevance,1779,gradnorm_only,gradnorm_only,1,0.0,0.0,TIE,,0.0,0.0,TIE,
yelp,concat_mlp,gradnorm_only,relevance,79676,concat_mlp,gradnorm_only,0,0.0,0.0,TIE,,0.0,0.0,TIE,
yelp,concat_mlp,gradnorm_only,relevance,58992,gradnorm_only,gradnorm_only,1,0.0,0.0,TIE,,0.0,0.0,TIE,
yelp,concat_mlp,gradnorm_only,relevance,93796,gradnorm_only,gradnorm_only,1,0.0,0.0,TIE,,0.0,0.0,TIE,
yelp,concat_mlp,gradnorm_only,relevance,45970,gradnorm_only,gradnorm_only,1,0.0979129253499678,0.0,concat_mlp,0.0,0.14285714285714285,0.0,concat_mlp,0.0
yelp,concat_mlp,gradnorm_only,relevance,9482,concat_mlp,gradnorm_only,0,0.0,0.0,TIE,,0.0,0.0,TIE,
yelp,concat_mlp,gradnorm_only,relevance,78002,gradnorm_only,gradnorm_only,1,0.0,0.0,TIE,,0.0,0.0,TIE,
yelp,concat_mlp,gradnorm_only,relevance,83363,gradnorm_only,gradnorm_only,1,0.0,0.0,TIE,,0.0,0.0,TIE,
yelp,concat_mlp,gradnorm_only,relevance,51956,concat_mlp,gradnorm_only,0,0.0,0.0,TIE,,0.0,0.0,TIE,
yelp,concat_mlp,gradnorm_only,relevance,34176,concat_mlp,gradnorm_only,0,0.0,0.0,TIE,,0.0,0.0,TIE,
yelp,concat_mlp,gradnorm_only,relevance,797,gradnorm_only,gradnorm_only,1,0.0,0.0,TIE,,0.0,0.0,TIE,
yelp,concat_mlp,gradnorm_only,relevance,23067,concat_mlp,gradnorm_only,0,0.0,0.0,TIE,,0.0,0.0,TIE,
yelp,concat_mlp,gradnorm_only,relevance,94832,gradnorm_only,gradnorm_only,1,0.0,0.0,TIE,,0.0,0.0,TIE,
yelp,concat_mlp,gradnorm_only,relevance,52301,concat_mlp,gradnorm_only,0,0.0,0.0,TIE,,0.0,0.0,TIE,
yelp,concat_mlp,gradnorm_only,relevance,88855,gradnorm_only,gradnorm_only,1,0.0,0.0,TIE,,0.0,0.0,TIE,
yelp,concat_mlp,gradnorm_only,relevance,97264,concat_mlp,gradnorm_only,0,0.0,0.0,TIE,,0.0,0.0,TIE,
yelp,gbaf,concat_mlp,balanced,19308,concat_mlp,gbaf,0,0.0,0.0,TIE,,0.0,0.0,TIE,
yelp,gbaf,concat_mlp,balanced,33987,gbaf,gbaf,1,0.0,0.0,TIE,,0.0,0.0,TIE,
yelp,gbaf,concat_mlp,balanced,47111,gbaf,gbaf,1,0.0,0.0,TIE,,0.0,0.0,TIE,
yelp,gbaf,concat_mlp,balanced,362,gbaf,gbaf,1,0.0,0.0,TIE,,0.0,0.0,TIE,
yelp,gbaf,concat_mlp,balanced,92790,gbaf,gbaf,1,0.0,0.0,TIE,,0.0,0.0,TIE,
yelp,gbaf,concat_mlp,balanced,90313,concat_mlp,gbaf,0,0.0,0.0,TIE,,0.0,0.0,TIE,
yelp,gbaf,concat_mlp,balanced,46092,gbaf,gbaf,1,0.0,0.0,TIE,,0.0,0.0,TIE,
yelp,gbaf,concat_mlp,balanced,58992,gbaf,gbaf,1,0.0,0.0,TIE,,0.0,0.0,TIE,
yelp,gbaf,concat_mlp,balanced,66818,gbaf,gbaf,1,0.19342640361727081,0.0,gbaf,1.0,0.5,0.0,gbaf,1.0
yelp,gbaf,concat_mlp,balanced,68812,gbaf,gbaf,1,0.0,0.10086747116627115,concat_mlp,0.0,0.0,0.16666666666666666,concat_mlp,0.0
yelp,gbaf,concat_mlp,balanced,17415,concat_mlp,gbaf,0,0.0,0.0,TIE,,0.0,0.0,TIE,
yelp,gbaf,concat_mlp,balanced,93796,gbaf,gbaf,1,0.0,0.0,TIE,,0.0,0.0,TIE,
yelp,gbaf,concat_mlp,balanced,45970,gbaf,gbaf,1,0.27487633291429087,0.0979129253499678,gbaf,1.0,0.14285714285714285,0.14285714285714285,TIE,
yelp,gbaf,concat_mlp,balanced,15173,gbaf,gbaf,1,0.0,0.0,TIE,,0.0,0.0,TIE,
yelp,gbaf,concat_mlp,balanced,47816,concat_mlp,gbaf,0,0.0,0.0,TIE,,0.0,0.0,TIE,
yelp,gbaf,concat_mlp,balanced,83363,concat_mlp,gbaf,0,0.0,0.0,TIE,,0.0,0.0,TIE,
yelp,gbaf,concat_mlp,balanced,61591,gbaf,gbaf,1,0.0,0.0,TIE,,0.0,0.0,TIE,
yelp,gbaf,concat_mlp,balanced,797,gbaf,gbaf,1,0.0,0.0,TIE,,0.0,0.0,TIE,
yelp,gbaf,concat_mlp,balanced,94832,concat_mlp,gbaf,0,0.0,0.0,TIE,,0.0,0.0,TIE,
yelp,gbaf,concat_mlp,balanced,92688,gbaf,gbaf,1,0.0,0.0,TIE,,0.0,0.0,TIE,
yelp,gbaf,concat_mlp,balanced,88855,gbaf,gbaf,1,0.0,0.0,TIE,,0.0,0.0,TIE,
yelp,gbaf,concat_mlp,balanced,97264,concat_mlp,gbaf,0,0.0,0.0,TIE,,0.0,0.0,TIE,
yelp,gbaf,concat_mlp,balanced,20211,concat_mlp,gbaf,0,0.0,0.0,TIE,,0.0,0.0,TIE,
yelp,gbaf,concat_mlp,diversity,19308,gbaf,gbaf,1,0.0,0.0,TIE,,0.0,0.0,TIE,
yelp,gbaf,concat_mlp,diversity,24594,gbaf,gbaf,1,0.0,0.0,TIE,,0.0,0.0,TIE,
yelp,gbaf,concat_mlp,diversity,18392,gbaf,gbaf,1,0.0,0.0,TIE,,0.0,0.0,TIE,
yelp,gbaf,concat_mlp,diversity,81116,gbaf,gbaf,1,0.0,0.0,TIE,,0.0,0.0,TIE,
yelp,gbaf,concat_mlp,diversity,2600,concat_mlp,gbaf,0,0.0,0.0,TIE,,0.0,0.0,TIE,
yelp,gbaf,concat_mlp,diversity,47111,gbaf,gbaf,1,0.0,0.0,TIE,,0.0,0.0,TIE,
yelp,gbaf,concat_mlp,diversity,362,gbaf,gbaf,1,0.0,0.0,TIE,,0.0,0.0,TIE,
yelp,gbaf,concat_mlp,diversity,92790,concat_mlp,gbaf,0,0.0,0.0,TIE,,0.0,0.0,TIE,
yelp,gbaf,concat_mlp,diversity,90313,concat_mlp,gbaf,0,0.0,0.0,TIE,,0.0,0.0,TIE,
yelp,gbaf,concat_mlp,diversity,46092,gbaf,gbaf,1,0.0,0.0,TIE,,0.0,0.0,TIE,
yelp,gbaf,concat_mlp,diversity,1779,concat_mlp,gbaf,0,0.0,0.0,TIE,,0.0,0.0,TIE,
yelp,gbaf,concat_mlp,diversity,27182,gbaf,gbaf,1,0.0,0.0,TIE,,0.0,0.0,TIE,
yelp,gbaf,concat_mlp,diversity,37335,gbaf,gbaf,1,0.0,0.0,TIE,,0.0,0.0,TIE,
yelp,gbaf,concat_mlp,diversity,66818,gbaf,gbaf,1,0.19342640361727081,0.0,gbaf,1.0,0.5,0.0,gbaf,1.0
yelp,gbaf,concat_mlp,diversity,83855,concat_mlp,gbaf,0,0.0,0.0,TIE,,0.0,0.0,TIE,
yelp,gbaf,concat_mlp,diversity,68812,concat_mlp,gbaf,0,0.0,0.10086747116627115,concat_mlp,1.0,0.0,0.16666666666666666,concat_mlp,1.0
yelp,gbaf,concat_mlp,diversity,17415,concat_mlp,gbaf,0,0.0,0.0,TIE,,0.0,0.0,TIE,
yelp,gbaf,concat_mlp,diversity,93796,concat_mlp,gbaf,0,0.0,0.0,TIE,,0.0,0.0,TIE,
yelp,gbaf,concat_mlp,diversity,45970,concat_mlp,gbaf,0,0.27487633291429087,0.0979129253499678,gbaf,0.0,0.14285714285714285,0.14285714285714285,TIE,
yelp,gbaf,concat_mlp,diversity,13763,gbaf,gbaf,1,0.0,0.0,TIE,,0.0,0.0,TIE,
yelp,gbaf,concat_mlp,diversity,15173,gbaf,gbaf,1,0.0,0.0,TIE,,0.0,0.0,TIE,
yelp,gbaf,concat_mlp,diversity,78002,gbaf,gbaf,1,0.0,0.0,TIE,,0.0,0.0,TIE,
yelp,gbaf,concat_mlp,diversity,83363,concat_mlp,gbaf,0,0.0,0.0,TIE,,0.0,0.0,TIE,
yelp,gbaf,concat_mlp,diversity,61591,gbaf,gbaf,1,0.0,0.0,TIE,,0.0,0.0,TIE,
yelp,gbaf,concat_mlp,diversity,51956,gbaf,gbaf,1,0.0,0.0,TIE,,0.0,0.0,TIE,
yelp,gbaf,concat_mlp,diversity,34176,gbaf,gbaf,1,0.0,0.0,TIE,,0.0,0.0,TIE,
yelp,gbaf,concat_mlp,diversity,88044,concat_mlp,gbaf,0,0.0,0.0,TIE,,0.0,0.0,TIE,
yelp,gbaf,concat_mlp,diversity,797,concat_mlp,gbaf,0,0.0,0.0,TIE,,0.0,0.0,TIE,
yelp,gbaf,concat_mlp,diversity,23067,gbaf,gbaf,1,0.0,0.0,TIE,,0.0,0.0,TIE,
yelp,gbaf,concat_mlp,diversity,94832,concat_mlp,gbaf,0,0.0,0.0,TIE,,0.0,0.0,TIE,
yelp,gbaf,concat_mlp,diversity,50442,gbaf,gbaf,1,0.0,0.15958907712489634,concat_mlp,0.0,0.0,0.125,concat_mlp,0.0
yelp,gbaf,concat_mlp,diversity,4565,gbaf,gbaf,1,0.0,0.0,TIE,,0.0,0.0,TIE,
yelp,gbaf,concat_mlp,diversity,92688,gbaf,gbaf,1,0.0,0.0,TIE,,0.0,0.0,TIE,
yelp,gbaf,concat_mlp,diversity,88855,gbaf,gbaf,1,0.0,0.0,TIE,,0.0,0.0,TIE,
yelp,gbaf,concat_mlp,diversity,73732,gbaf,gbaf,1,0.0,0.0,TIE,,0.0,0.0,TIE,
yelp,gbaf,concat_mlp,diversity,20211,concat_mlp,gbaf,0,0.0,0.0,TIE,,0.0,0.0,TIE,
yelp,gbaf,concat_mlp,diversity,64669,concat_mlp,gbaf,0,0.0,0.3562071871080222,concat_mlp,1.0,0.0,1.0,concat_mlp,1.0
yelp,gbaf,concat_mlp,novelty,19308,gbaf,gbaf,1,0.0,0.0,TIE,,0.0,0.0,TIE,
yelp,gbaf,concat_mlp,novelty,24594,gbaf,gbaf,1,0.0,0.0,TIE,,0.0,0.0,TIE,
yelp,gbaf,concat_mlp,novelty,78602,gbaf,gbaf,1,0.0,0.0,TIE,,0.0,0.0,TIE,
yelp,gbaf,concat_mlp,novelty,2600,concat_mlp,gbaf,0,0.0,0.0,TIE,,0.0,0.0,TIE,
yelp,gbaf,concat_mlp,novelty,47111,gbaf,gbaf,1,0.0,0.0,TIE,,0.0,0.0,TIE,
yelp,gbaf,concat_mlp,novelty,362,gbaf,gbaf,1,0.0,0.0,TIE,,0.0,0.0,TIE,
yelp,gbaf,concat_mlp,novelty,90313,concat_mlp,gbaf,0,0.0,0.0,TIE,,0.0,0.0,TIE,
yelp,gbaf,concat_mlp,novelty,1779,concat_mlp,gbaf,0,0.0,0.0,TIE,,0.0,0.0,TIE,
yelp,gbaf,concat_mlp,novelty,79676,gbaf,gbaf,1,0.0,0.0,TIE,,0.0,0.0,TIE,
yelp,gbaf,concat_mlp,novelty,37335,gbaf,gbaf,1,0.0,0.0,TIE,,0.0,0.0,TIE,
yelp,gbaf,concat_mlp,novelty,66818,gbaf,gbaf,1,0.19342640361727081,0.0,gbaf,1.0,0.5,0.0,gbaf,1.0
yelp,gbaf,concat_mlp,novelty,83855,concat_mlp,gbaf,0,0.0,0.0,TIE,,0.0,0.0,TIE,
yelp,gbaf,concat_mlp,novelty,68812,concat_mlp,gbaf,0,0.0,0.10086747116627115,concat_mlp,1.0,0.0,0.16666666666666666,concat_mlp,1.0
yelp,gbaf,concat_mlp,novelty,17415,concat_mlp,gbaf,0,0.0,0.0,TIE,,0.0,0.0,TIE,
yelp,gbaf,concat_mlp,novelty,93796,concat_mlp,gbaf,0,0.0,0.0,TIE,,0.0,0.0,TIE,
yelp,gbaf,concat_mlp,novelty,45970,concat_mlp,gbaf,0,0.27487633291429087,0.0979129253499678,gbaf,0.0,0.14285714285714285,0.14285714285714285,TIE,
yelp,gbaf,concat_mlp,novelty,13763,concat_mlp,gbaf,0,0.0,0.0,TIE,,0.0,0.0,TIE,
yelp,gbaf,concat_mlp,novelty,9482,concat_mlp,gbaf,0,0.0,0.0,TIE,,0.0,0.0,TIE,
yelp,gbaf,concat_mlp,novelty,78002,gbaf,gbaf,1,0.0,0.0,TIE,,0.0,0.0,TIE,
yelp,gbaf,concat_mlp,novelty,47816,gbaf,gbaf,1,0.0,0.0,TIE,,0.0,0.0,TIE,
yelp,gbaf,concat_mlp,novelty,83363,concat_mlp,gbaf,0,0.0,0.0,TIE,,0.0,0.0,TIE,
yelp,gbaf,concat_mlp,novelty,61591,gbaf,gbaf,1,0.0,0.0,TIE,,0.0,0.0,TIE,
yelp,gbaf,concat_mlp,novelty,51956,gbaf,gbaf,1,0.0,0.0,TIE,,0.0,0.0,TIE,
yelp,gbaf,concat_mlp,novelty,34176,gbaf,gbaf,1,0.0,0.0,TIE,,0.0,0.0,TIE,
yelp,gbaf,concat_mlp,novelty,88044,concat_mlp,gbaf,0,0.0,0.0,TIE,,0.0,0.0,TIE,
yelp,gbaf,concat_mlp,novelty,797,concat_mlp,gbaf,0,0.0,0.0,TIE,,0.0,0.0,TIE,
yelp,gbaf,concat_mlp,novelty,23067,gbaf,gbaf,1,0.0,0.0,TIE,,0.0,0.0,TIE,
yelp,gbaf,concat_mlp,novelty,94832,concat_mlp,gbaf,0,0.0,0.0,TIE,,0.0,0.0,TIE,
yelp,gbaf,concat_mlp,novelty,4565,gbaf,gbaf,1,0.0,0.0,TIE,,0.0,0.0,TIE,
yelp,gbaf,concat_mlp,novelty,92688,concat_mlp,gbaf,0,0.0,0.0,TIE,,0.0,0.0,TIE,
yelp,gbaf,concat_mlp,novelty,73732,concat_mlp,gbaf,0,0.0,0.0,TIE,,0.0,0.0,TIE,
yelp,gbaf,concat_mlp,novelty,64669,concat_mlp,gbaf,0,0.0,0.3562071871080222,concat_mlp,1.0,0.0,1.0,concat_mlp,1.0
yelp,gbaf,concat_mlp,novelty,5457,concat_mlp,gbaf,0,0.0,0.0,TIE,,0.0,0.0,TIE,
yelp,gbaf,concat_mlp,relevance,19308,concat_mlp,gbaf,0,0.0,0.0,TIE,,0.0,0.0,TIE,
yelp,gbaf,concat_mlp,relevance,24594,concat_mlp,gbaf,0,0.0,0.0,TIE,,0.0,0.0,TIE,
yelp,gbaf,concat_mlp,relevance,18930,gbaf,gbaf,1,0.0,0.0,TIE,,0.0,0.0,TIE,
yelp,gbaf,concat_mlp,relevance,81116,concat_mlp,gbaf,0,0.0,0.0,TIE,,0.0,0.0,TIE,
yelp,gbaf,concat_mlp,relevance,2600,gbaf,gbaf,1,0.0,0.0,TIE,,0.0,0.0,TIE,
yelp,gbaf,concat_mlp,relevance,33987,gbaf,gbaf,1,0.0,0.0,TIE,,0.0,0.0,TIE,
yelp,gbaf,concat_mlp,relevance,362,gbaf,gbaf,1,0.0,0.0,TIE,,0.0,0.0,TIE,
yelp,gbaf,concat_mlp,relevance,92790,gbaf,gbaf,1,0.0,0.0,TIE,,0.0,0.0,TIE,
yelp,gbaf,concat_mlp,relevance,49896,concat_mlp,gbaf,0,0.0,0.0,TIE,,0.0,0.0,TIE,
yelp,gbaf,concat_mlp,relevance,79676,concat_mlp,gbaf,0,0.0,0.0,TIE,,0.0,0.0,TIE,
yelp,gbaf,concat_mlp,relevance,58992,gbaf,gbaf,1,0.0,0.0,TIE,,0.0,0.0,TIE,
yelp,gbaf,concat_mlp,relevance,66818,gbaf,gbaf,1,0.19342640361727081,0.0,gbaf,1.0,0.5,0.0,gbaf,1.0
yelp,gbaf,concat_mlp,relevance,83855,concat_mlp,gbaf,0,0.0,0.0,TIE,,0.0,0.0,TIE,
yelp,gbaf,concat_mlp,relevance,68812,gbaf,gbaf,1,0.0,0.10086747116627115,concat_mlp,0.0,0.0,0.16666666666666666,concat_mlp,0.0
yelp,gbaf,concat_mlp,relevance,93796,gbaf,gbaf,1,0.0,0.0,TIE,,0.0,0.0,TIE,
yelp,gbaf,concat_mlp,relevance,45970,gbaf,gbaf,1,0.27487633291429087,0.0979129253499678,gbaf,1.0,0.14285714285714285,0.14285714285714285,TIE,
yelp,gbaf,concat_mlp,relevance,78002,gbaf,gbaf,1,0.0,0.0,TIE,,0.0,0.0,TIE,
yelp,gbaf,concat_mlp,relevance,47816,concat_mlp,gbaf,0,0.0,0.0,TIE,,0.0,0.0,TIE,
yelp,gbaf,concat_mlp,relevance,23620,concat_mlp,gbaf,0,0.0,0.0,TIE,,0.0,0.0,TIE,
yelp,gbaf,concat_mlp,relevance,83363,gbaf,gbaf,1,0.0,0.0,TIE,,0.0,0.0,TIE,
yelp,gbaf,concat_mlp,relevance,61591,gbaf,gbaf,1,0.0,0.0,TIE,,0.0,0.0,TIE,
yelp,gbaf,concat_mlp,relevance,34176,concat_mlp,gbaf,0,0.0,0.0,TIE,,0.0,0.0,TIE,
yelp,gbaf,concat_mlp,relevance,797,gbaf,gbaf,1,0.0,0.0,TIE,,0.0,0.0,TIE,
yelp,gbaf,concat_mlp,relevance,23067,concat_mlp,gbaf,0,0.0,0.0,TIE,,0.0,0.0,TIE,
yelp,gbaf,concat_mlp,relevance,94832,gbaf,gbaf,1,0.0,0.0,TIE,,0.0,0.0,TIE,
yelp,gbaf,concat_mlp,relevance,50442,gbaf,gbaf,1,0.0,0.15958907712489634,concat_mlp,0.0,0.0,0.125,concat_mlp,0.0
yelp,gbaf,concat_mlp,relevance,4565,concat_mlp,gbaf,0,0.0,0.0,TIE,,0.0,0.0,TIE,
yelp,gbaf,concat_mlp,relevance,88855,gbaf,gbaf,1,0.0,0.0,TIE,,0.0,0.0,TIE,
yelp,gbaf,concat_mlp,relevance,97264,concat_mlp,gbaf,0,0.0,0.0,TIE,,0.0,0.0,TIE,
yelp,gbaf,concat_mlp,relevance,20211,concat_mlp,gbaf,0,0.0,0.0,TIE,,0.0,0.0,TIE,
yelp,lightgcn_only,fixed,balanced,24594,lightgcn_only,lightgcn_only,1,0.0,0.0,TIE,,0.0,0.0,TIE,
yelp,lightgcn_only,fixed,balanced,18392,lightgcn_only,lightgcn_only,1,0.0,0.0,TIE,,0.0,0.0,TIE,
yelp,lightgcn_only,fixed,balanced,78602,lightgcn_only,lightgcn_only,1,0.0,0.0,TIE,,0.0,0.0,TIE,
yelp,lightgcn_only,fixed,balanced,2600,lightgcn_only,lightgcn_only,1,0.0,0.0,TIE,,0.0,0.0,TIE,
yelp,lightgcn_only,fixed,balanced,47111,lightgcn_only,lightgcn_only,1,0.0,0.0,TIE,,0.0,0.0,TIE,
yelp,lightgcn_only,fixed,balanced,92790,lightgcn_only,lightgcn_only,1,0.0,0.0,TIE,,0.0,0.0,TIE,
yelp,lightgcn_only,fixed,balanced,90313,lightgcn_only,lightgcn_only,1,0.0,0.0,TIE,,0.0,0.0,TIE,
yelp,lightgcn_only,fixed,balanced,1779,lightgcn_only,lightgcn_only,1,0.0,0.0,TIE,,0.0,0.0,TIE,
yelp,lightgcn_only,fixed,balanced,49896,lightgcn_only,lightgcn_only,1,0.0,0.0,TIE,,0.0,0.0,TIE,
yelp,lightgcn_only,fixed,balanced,37335,lightgcn_only,lightgcn_only,1,0.0,0.0,TIE,,0.0,0.0,TIE,
yelp,lightgcn_only,fixed,balanced,66818,fixed,lightgcn_only,0,0.0,0.0,TIE,,0.0,0.0,TIE,
yelp,lightgcn_only,fixed,balanced,68812,lightgcn_only,lightgcn_only,1,0.0,0.0,TIE,,0.0,0.0,TIE,
yelp,lightgcn_only,fixed,balanced,17415,lightgcn_only,lightgcn_only,1,0.0,0.0,TIE,,0.0,0.0,TIE,
yelp,lightgcn_only,fixed,balanced,45970,lightgcn_only,lightgcn_only,1,0.0,0.0,TIE,,0.0,0.0,TIE,
yelp,lightgcn_only,fixed,balanced,13763,lightgcn_only,lightgcn_only,1,0.0,0.0,TIE,,0.0,0.0,TIE,
yelp,lightgcn_only,fixed,balanced,9482,lightgcn_only,lightgcn_only,1,0.0,0.0,TIE,,0.0,0.0,TIE,
yelp,lightgcn_only,fixed,balanced,47816,fixed,lightgcn_only,0,0.0,0.0,TIE,,0.0,0.0,TIE,
yelp,lightgcn_only,fixed,balanced,23620,lightgcn_only,lightgcn_only,1,0.0,0.0,TIE,,0.0,0.0,TIE,
yelp,lightgcn_only,fixed,balanced,83363,fixed,lightgcn_only,0,0.0,0.0,TIE,,0.0,0.0,TIE,
yelp,lightgcn_only,fixed,balanced,34176,lightgcn_only,lightgcn_only,1,0.0,0.0,TIE,,0.0,0.0,TIE,
yelp,lightgcn_only,fixed,balanced,88044,lightgcn_only,lightgcn_only,1,0.0,0.0,TIE,,0.0,0.0,TIE,
yelp,lightgcn_only,fixed,balanced,23067,fixed,lightgcn_only,0,0.0,0.0,TIE,,0.0,0.0,TIE,
yelp,lightgcn_only,fixed,balanced,94832,lightgcn_only,lightgcn_only,1,0.0,0.0,TIE,,0.0,0.0,TIE,
yelp,lightgcn_only,fixed,balanced,50442,lightgcn_only,lightgcn_only,1,0.0,0.0,TIE,,0.0,0.0,TIE,
yelp,lightgcn_only,fixed,balanced,4565,fixed,lightgcn_only,0,0.0,0.0,TIE,,0.0,0.0,TIE,
yelp,lightgcn_only,fixed,balanced,92688,lightgcn_only,lightgcn_only,1,0.0,0.0,TIE,,0.0,0.0,TIE,
yelp,lightgcn_only,fixed,balanced,73732,fixed,lightgcn_only,0,0.0,0.0,TIE,,0.0,0.0,TIE,
yelp,lightgcn_only,fixed,balanced,64669,fixed,lightgcn_only,0,0.0,0.0,TIE,,0.0,0.0,TIE,
yelp,lightgcn_only,fixed,balanced,74193,lightgcn_only,lightgcn_only,1,0.0,0.0,TIE,,0.0,0.0,TIE,
yelp,lightgcn_only,fixed,diversity,24594,lightgcn_only,lightgcn_only,1,0.0,0.0,TIE,,0.0,0.0,TIE,
yelp,lightgcn_only,fixed,diversity,18392,lightgcn_only,lightgcn_only,1,0.0,0.0,TIE,,0.0,0.0,TIE,
yelp,lightgcn_only,fixed,diversity,81116,lightgcn_only,lightgcn_only,1,0.0,0.0,TIE,,0.0,0.0,TIE,
yelp,lightgcn_only,fixed,diversity,78602,lightgcn_only,lightgcn_only,1,0.0,0.0,TIE,,0.0,0.0,TIE,
yelp,lightgcn_only,fixed,diversity,2600,lightgcn_only,lightgcn_only,1,0.0,0.0,TIE,,0.0,0.0,TIE,
yelp,lightgcn_only,fixed,diversity,47111,lightgcn_only,lightgcn_only,1,0.0,0.0,TIE,,0.0,0.0,TIE,
yelp,lightgcn_only,fixed,diversity,362,lightgcn_only,lightgcn_only,1,0.0,0.0,TIE,,0.0,0.0,TIE,
yelp,lightgcn_only,fixed,diversity,92790,lightgcn_only,lightgcn_only,1,0.0,0.0,TIE,,0.0,0.0,TIE,
yelp,lightgcn_only,fixed,diversity,46092,fixed,lightgcn_only,0,0.0,0.0,TIE,,0.0,0.0,TIE,
yelp,lightgcn_only,fixed,diversity,1779,lightgcn_only,lightgcn_only,1,0.0,0.0,TIE,,0.0,0.0,TIE,
yelp,lightgcn_only,fixed,diversity,49896,lightgcn_only,lightgcn_only,1,0.0,0.0,TIE,,0.0,0.0,TIE,
yelp,lightgcn_only,fixed,diversity,58992,lightgcn_only,lightgcn_only,1,0.0,0.0,TIE,,0.0,0.0,TIE,
yelp,lightgcn_only,fixed,diversity,27182,lightgcn_only,lightgcn_only,1,0.0,0.0,TIE,,0.0,0.0,TIE,
yelp,lightgcn_only,fixed,diversity,37335,lightgcn_only,lightgcn_only,1,0.0,0.0,TIE,,0.0,0.0,TIE,
yelp,lightgcn_only,fixed,diversity,66818,lightgcn_only,lightgcn_only,1,0.0,0.0,TIE,,0.0,0.0,TIE,
yelp,lightgcn_only,fixed,diversity,83855,lightgcn_only,lightgcn_only,1,0.0,0.0,TIE,,0.0,0.0,TIE,
yelp,lightgcn_only,fixed,diversity,68812,lightgcn_only,lightgcn_only,1,0.0,0.0,TIE,,0.0,0.0,TIE,
yelp,lightgcn_only,fixed,diversity,17415,lightgcn_only,lightgcn_only,1,0.0,0.0,TIE,,0.0,0.0,TIE,
yelp,lightgcn_only,fixed,diversity,93796,lightgcn_only,lightgcn_only,1,0.0,0.19519002499605084,fixed,0.0,0.0,0.25,fixed,0.0
yelp,lightgcn_only,fixed,diversity,13763,lightgcn_only,lightgcn_only,1,0.0,0.0,TIE,,0.0,0.0,TIE,
yelp,lightgcn_only,fixed,diversity,9482,lightgcn_only,lightgcn_only,1,0.0,0.0,TIE,,0.0,0.0,TIE,
yelp,lightgcn_only,fixed,diversity,15173,lightgcn_only,lightgcn_only,1,0.0,0.0,TIE,,0.0,0.0,TIE,
yelp,lightgcn_only,fixed,diversity,47816,lightgcn_only,lightgcn_only,1,0.0,0.0,TIE,,0.0,0.0,TIE,
yelp,lightgcn_only,fixed,diversity,23620,lightgcn_only,lightgcn_only,1,0.0,0.0,TIE,,0.0,0.0,TIE,
yelp,lightgcn_only,fixed,diversity,61591,lightgcn_only,lightgcn_only,1,0.0,0.0,TIE,,0.0,0.0,TIE,
yelp,lightgcn_only,fixed,diversity,34176,lightgcn_only,lightgcn_only,1,0.0,0.0,TIE,,0.0,0.0,TIE,
yelp,lightgcn_only,fixed,diversity,88044,lightgcn_only,lightgcn_only,1,0.0,0.0,TIE,,0.0,0.0,TIE,
yelp,lightgcn_only,fixed,diversity,797,lightgcn_only,lightgcn_only,1,0.0,0.0,TIE,,0.0,0.0,TIE,
yelp,lightgcn_only,fixed,diversity,23067,lightgcn_only,lightgcn_only,1,0.0,0.0,TIE,,0.0,0.0,TIE,
yelp,lightgcn_only,fixed,diversity,94832,lightgcn_only,lightgcn_only,1,0.0,0.0,TIE,,0.0,0.0,TIE,
yelp,lightgcn_only,fixed,diversity,4565,lightgcn_only,lightgcn_only,1,0.0,0.0,TIE,,0.0,0.0,TIE,
yelp,lightgcn_only,fixed,diversity,88855,lightgcn_only,lightgcn_only,1,0.0,0.0,TIE,,0.0,0.0,TIE,
yelp,lightgcn_only,fixed,diversity,64669,lightgcn_only,lightgcn_only,1,0.0,0.0,TIE,,0.0,0.0,TIE,
yelp,lightgcn_only,fixed,diversity,5457,lightgcn_only,lightgcn_only,1,0.0,0.0,TIE,,0.0,0.0,TIE,
yelp,lightgcn_only,fixed,diversity,74193,lightgcn_only,lightgcn_only,1,0.0,0.0,TIE,,0.0,0.0,TIE,
yelp,lightgcn_only,fixed,novelty,19308,fixed,lightgcn_only,0,0.0,0.0,TIE,,0.0,0.0,TIE,
yelp,lightgcn_only,fixed,novelty,24594,lightgcn_only,lightgcn_only,1,0.0,0.0,TIE,,0.0,0.0,TIE,
yelp,lightgcn_only,fixed,novelty,18392,lightgcn_only,lightgcn_only,1,0.0,0.0,TIE,,0.0,0.0,TIE,
yelp,lightgcn_only,fixed,novelty,81116,lightgcn_only,lightgcn_only,1,0.0,0.0,TIE,,0.0,0.0,TIE,
yelp,lightgcn_only,fixed,novelty,78602,lightgcn_only,lightgcn_only,1,0.0,0.0,TIE,,0.0,0.0,TIE,
yelp,lightgcn_only,fixed,novelty,2600,fixed,lightgcn_only,0,0.0,0.0,TIE,,0.0,0.0,TIE,
yelp,lightgcn_only,fixed,novelty,33987,lightgcn_only,lightgcn_only,1,0.0,0.0,TIE,,0.0,0.0,TIE,
yelp,lightgcn_only,fixed,novelty,362,lightgcn_only,lightgcn_only,1,0.0,0.0,TIE,,0.0,0.0,TIE,
yelp,lightgcn_only,fixed,novelty,92790,lightgcn_only,lightgcn_only,1,0.0,0.0,TIE,,0.0,0.0,TIE,
yelp,lightgcn_only,fixed,novelty,90313,lightgcn_only,lightgcn_only,1,0.0,0.0,TIE,,0.0,0.0,TIE,
yelp,lightgcn_only,fixed,novelty,46092,fixed,lightgcn_only,0,0.0,0.0,TIE,,0.0,0.0,TIE,
yelp,lightgcn_only,fixed,novelty,1779,lightgcn_only,lightgcn_only,1,0.0,0.0,TIE,,0.0,0.0,TIE,
yelp,lightgcn_only,fixed,novelty,49896,lightgcn_only,lightgcn_only,1,0.0,0.0,TIE,,0.0,0.0,TIE,
yelp,lightgcn_only,fixed,novelty,58992,lightgcn_only,lightgcn_only,1,0.0,0.0,TIE,,0.0,0.0,TIE,
yelp,lightgcn_only,fixed,novelty,27182,lightgcn_only,lightgcn_only,1,0.0,0.0,TIE,,0.0,0.0,TIE,
yelp,lightgcn_only,fixed,novelty,66818,lightgcn_only,lightgcn_only,1,0.0,0.0,TIE,,0.0,0.0,TIE,
yelp,lightgcn_only,fixed,novelty,83855,lightgcn_only,lightgcn_only,1,0.0,0.0,TIE,,0.0,0.0,TIE,
yelp,lightgcn_only,fixed,novelty,68812,lightgcn_only,lightgcn_only,1,0.0,0.0,TIE,,0.0,0.0,TIE,
yelp,lightgcn_only,fixed,novelty,17415,lightgcn_only,lightgcn_only,1,0.0,0.0,TIE,,0.0,0.0,TIE,
yelp,lightgcn_only,fixed,novelty,93796,lightgcn_only,lightgcn_only,1,0.0,0.19519002499605084,fixed,0.0,0.0,0.25,fixed,0.0
yelp,lightgcn_only,fixed,novelty,13763,lightgcn_only,lightgcn_only,1,0.0,0.0,TIE,,0.0,0.0,TIE,
yelp,lightgcn_only,fixed,novelty,15173,fixed,lightgcn_only,0,0.0,0.0,TIE,,0.0,0.0,TIE,
yelp,lightgcn_only,fixed,novelty,47816,lightgcn_only,lightgcn_only,1,0.0,0.0,TIE,,0.0,0.0,TIE,
yelp,lightgcn_only,fixed,novelty,23620,lightgcn_only,lightgcn_only,1,0.0,0.0,TIE,,0.0,0.0,TIE,
yelp,lightgcn_only,fixed,novelty,83363,lightgcn_only,lightgcn_only,1,0.0,0.0,TIE,,0.0,0.0,TIE,
yelp,lightgcn_only,fixed,novelty,88044,lightgcn_only,lightgcn_only,1,0.0,0.0,TIE,,0.0,0.0,TIE,
yelp,lightgcn_only,fixed,novelty,797,lightgcn_only,lightgcn_only,1,0.0,0.0,TIE,,0.0,0.0,TIE,
yelp,lightgcn_only,fixed,novelty,23067,lightgcn_only,lightgcn_only,1,0.0,0.0,TIE,,0.0,0.0,TIE,
yelp,lightgcn_only,fixed,novelty,94832,lightgcn_only,lightgcn_only,1,0.0,0.0,TIE,,0.0,0.0,TIE,
yelp,lightgcn_only,fixed,novelty,4565,lightgcn_only,lightgcn_only,1,0.0,0.0,TIE,,0.0,0.0,TIE,
yelp,lightgcn_only,fixed,novelty,92688,lightgcn_only,lightgcn_only,1,0.0,0.0,TIE,,0.0,0.0,TIE,
yelp,lightgcn_only,fixed,novelty,97264,lightgcn_only,lightgcn_only,1,0.0,0.0,TIE,,0.0,0.0,TIE,
yelp,lightgcn_only,fixed,novelty,20211,lightgcn_only,lightgcn_only,1,0.0,0.0,TIE,,0.0,0.0,TIE,
yelp,lightgcn_only,fixed,novelty,64669,lightgcn_only,lightgcn_only,1,0.0,0.0,TIE,,0.0,0.0,TIE,
yelp,lightgcn_only,fixed,novelty,5457,lightgcn_only,lightgcn_only,1,0.0,0.0,TIE,,0.0,0.0,TIE,
yelp,lightgcn_only,fixed,novelty,74193,lightgcn_only,lightgcn_only,1,0.0,0.0,TIE,,0.0,0.0,TIE,
yelp,lightgcn_only,fixed,relevance,24594,fixed,lightgcn_only,0,0.0,0.0,TIE,,0.0,0.0,TIE,
yelp,lightgcn_only,fixed,relevance,78602,fixed,lightgcn_only,0,0.0,0.0,TIE,,0.0,0.0,TIE,
yelp,lightgcn_only,fixed,relevance,2600,lightgcn_only,lightgcn_only,1,0.0,0.0,TIE,,0.0,0.0,TIE,
yelp,lightgcn_only,fixed,relevance,33987,fixed,lightgcn_only,0,0.0,0.0,TIE,,0.0,0.0,TIE,
yelp,lightgcn_only,fixed,relevance,46092,lightgcn_only,lightgcn_only,1,0.0,0.0,TIE,,0.0,0.0,TIE,
yelp,lightgcn_only,fixed,relevance,79676,fixed,lightgcn_only,0,0.0,0.0,TIE,,0.0,0.0,TIE,
yelp,lightgcn_only,fixed,relevance,27182,fixed,lightgcn_only,0,0.0,0.0,TIE,,0.0,0.0,TIE,
yelp,lightgcn_only,fixed,relevance,83855,fixed,lightgcn_only,0,0.0,0.0,TIE,,0.0,0.0,TIE,
yelp,lightgcn_only,fixed,relevance,17415,lightgcn_only,lightgcn_only,1,0.0,0.0,TIE,,0.0,0.0,TIE,
yelp,lightgcn_only,fixed,relevance,93796,fixed,lightgcn_only,0,0.0,0.19519002499605084,fixed,1.0,0.0,0.25,fixed,1.0
yelp,lightgcn_only,fixed,relevance,13763,fixed,lightgcn_only,0,0.0,0.0,TIE,,0.0,0.0,TIE,
yelp,lightgcn_only,fixed,relevance,9482,lightgcn_only,lightgcn_only,1,0.0,0.0,TIE,,0.0,0.0,TIE,
yelp,lightgcn_only,fixed,relevance,15173,lightgcn_only,lightgcn_only,1,0.0,0.0,TIE,,0.0,0.0,TIE,
yelp,lightgcn_only,fixed,relevance,78002,fixed,lightgcn_only,0,0.0,0.0,TIE,,0.0,0.0,TIE,
yelp,lightgcn_only,fixed,relevance,47816,fixed,lightgcn_only,0,0.0,0.0,TIE,,0.0,0.0,TIE,
yelp,lightgcn_only,fixed,relevance,23620,fixed,lightgcn_only,0,0.0,0.0,TIE,,0.0,0.0,TIE,
yelp,lightgcn_only,fixed,relevance,83363,fixed,lightgcn_only,0,0.0,0.0,TIE,,0.0,0.0,TIE,
yelp,lightgcn_only,fixed,relevance,34176,lightgcn_only,lightgcn_only,1,0.0,0.0,TIE,,0.0,0.0,TIE,
yelp,lightgcn_only,fixed,relevance,88044,lightgcn_only,lightgcn_only,1,0.0,0.0,TIE,,0.0,0.0,TIE,
yelp,lightgcn_only,fixed,relevance,797,fixed,lightgcn_only,0,0.0,0.0,TIE,,0.0,0.0,TIE,
yelp,lightgcn_only,fixed,relevance,23067,fixed,lightgcn_only,0,0.0,0.0,TIE,,0.0,0.0,TIE,
yelp,lightgcn_only,fixed,relevance,4565,fixed,lightgcn_only,0,0.0,0.0,TIE,,0.0,0.0,TIE,
yelp,lightgcn_only,fixed,relevance,92688,fixed,lightgcn_only,0,0.0,0.0,TIE,,0.0,0.0,TIE,
yelp,lightgcn_only,fixed,relevance,88855,fixed,lightgcn_only,0,0.0,0.0,TIE,,0.0,0.0,TIE,
yelp,lightgcn_only,fixed,relevance,73732,fixed,lightgcn_only,0,0.0,0.0,TIE,,0.0,0.0,TIE,
yelp,lightgcn_only,fixed,relevance,64669,fixed,lightgcn_only,0,0.0,0.0,TIE,,0.0,0.0,TIE,
yelp,lightgcn_only,fixed,relevance,5457,fixed,lightgcn_only,0,0.0,0.0,TIE,,0.0,0.0,TIE,
